date,mag,lat,lon
2021-02-09 04:16:16,4.3,31.0033,66.7118
2021-02-09 04:50:07,4.3,28.0331,87.8568
2021-02-09 07:28:50,4.0,27.9824,103.4086
2021-02-09 10:30:36,4.3,37.6529,26.4548
2021-02-09 18:51:56,4.8,38.6079,31.5627
2021-02-09 18:53:57,4.6,38.6436,31.6136
2021-02-10 17:32:28,4.1,36.4815,71.24
2021-02-10 17:43:43,3.7,27.0534,89.5665
2021-02-10 22:03:22,4.1,36.3324,71.0446
2021-02-11 01:31:06,4.7,37.9531,69.5893
2021-02-11 11:04:50,4.4,22.9602,94.4802
2021-02-11 22:34:00,4.5,37.3038,71.9641
2021-02-12 01:10:35,4.8,34.717,45.3393
2021-02-12 06:37:56,4.6,41.4361,33.5393
2021-02-12 13:15:20,4.4,38.4619,73.5986
2021-02-12 20:01:35,5.9,38.1357,73.5448
2021-02-13 07:34:32,4.3,25.4683,61.8035
2021-02-13 09:13:09,4.5,37.9368,69.3551
2021-02-13 14:29:23,4.9,40.0309,44.4522
2021-02-13 20:12:13,4.0,27.2185,53.5542
2021-02-14 01:00:23,4.0,38.1355,72.6094
2021-02-14 16:27:50,4.4,37.2941,71.2812
2021-02-14 19:16:41,4.5,40.2754,76.2883
2021-02-15 00:08:15,4.3,38.2081,30.039
2021-02-15 11:23:14,4.5,28.2043,104.8966
2021-02-15 15:11:16,4.1,37.5201,71.8089
2021-02-15 17:23:11,4.9,51.5969,100.2745
2021-02-15 22:46:51,4.1,36.1068,25.4739
2021-02-16 09:24:11,4.4,38.9762,26.0262
2021-02-16 10:59:32,4.6,27.1585,53.458
2021-02-16 12:57:54,4.1,37.7085,72.6166
2021-02-17 05:33:41,4.3,38.38,22.0388
2021-02-17 06:36:07,5.5,38.4057,22.019
2021-02-17 07:10:26,4.3,38.2741,22.1717
2021-02-17 07:38:51,4.8,38.3179,22.0162
2021-02-17 13:02:32,4.3,39.4711,40.3624
2021-02-17 13:58:55,4.1,36.5513,69.6537
2021-02-17 15:24:46,4.6,26.7322,92.5712
2021-02-17 20:32:34,4.1,36.6766,70.7208
2021-02-17 21:35:35,5.4,30.839,51.3651
2021-02-18 00:13:11,4.2,34.0427,26.1242
2021-02-18 06:04:32,4.4,38.1816,23.4641
2021-02-18 06:20:15,4.3,30.8256,51.4925
2021-02-18 10:06:16,4.2,26.8433,55.2581
2021-02-18 21:18:43,3.7,34.0145,68.8554
2021-02-19 11:40:41,4.3,23.0068,28.6783
2021-02-20 03:01:25,4.1,23.3318,94.5689
2021-02-20 04:47:53,4.1,37.2953,71.6766
2021-02-20 11:09:34,4.4,29.2546,69.7957
2021-02-21 04:37:07,5.1,52.3177,97.3813
2021-02-21 04:39:03,4.9,52.3528,97.3917
2021-02-21 04:51:35,4.2,32.5596,47.6398
2021-02-22 15:04:06,4.3,45.7971,10.9632
2021-02-23 01:42:32,4.0,39.6591,37.3333
2021-02-23 04:42:00,4.4,43.2309,104.3269
2021-02-24 00:45:16,4.4,36.9713,75.4511
2021-02-24 04:51:05,4.7,35.6733,5.1456
2021-02-24 07:59:09,4.5,31.7132,103.9867
2021-02-24 11:53:32,4.9,30.8149,51.3669
2021-02-24 12:58:29,3.9,45.4812,16.2324
2021-02-24 13:51:52,4.1,35.5562,26.6217
2021-02-24 21:16:46,4.5,20.054,91.0101
2021-02-25 01:07:17,4.3,42.717,18.0711
2021-02-25 05:11:42,4.0,37.2288,71.7513
2021-02-25 05:34:26,4.9,22.8585,95.9211
2021-02-25 06:46:04,4.2,22.7,95.8415
2021-02-25 07:19:58,4.1,22.3908,95.4803
2021-02-25 10:50:20,4.5,22.8779,96.0167
2021-02-25 11:36:40,4.2,36.6717,71.4686
2021-02-26 06:21:27,4.2,38.3348,21.9563
2021-02-26 12:28:18,4.3,37.5509,71.9329
2021-02-26 16:27:32,4.5,29.2316,103.9059
2021-02-26 18:46:44,4.3,34.3639,25.9131
2021-02-26 19:25:00,4.1,34.3366,25.9155
2021-02-27 00:35:19,4.1,36.4173,71.46
2021-02-27 23:03:45,4.1,28.8397,86.469
2021-02-28 00:13:10,4.1,45.5937,26.4962
2021-02-28 08:17:17,4.1,37.7559,47.6667
2021-02-28 15:26:02,4.5,37.8234,20.7651
2021-02-28 19:21:16,4.0,37.8161,20.7279
2021-03-01 10:13:37,4.3,39.4264,15.8204
2021-03-01 20:44:34,4.4,31.9741,104.816
2021-03-02 14:03:30,4.3,36.1232,71.3559
2021-03-02 18:20:45,4.0,36.6831,71.1596
2021-03-03 05:35:23,4.1,28.1416,56.7796
2021-03-03 06:16:03,4.1,28.1058,56.8376
2021-03-03 07:37:15,4.2,45.4227,16.0656
2021-03-03 13:16:09,6.3,39.7546,22.1757
2021-03-03 13:20:45,4.8,39.7681,22.0881
2021-03-03 13:21:35,4.9,39.5708,22.0342
2021-03-03 13:26:20,4.5,39.6446,22.2284
2021-03-03 13:34:08,5.0,39.7231,22.211
2021-03-03 14:12:22,4.4,39.7084,22.0725
2021-03-03 14:19:03,4.5,39.7277,22.2743
2021-03-03 14:35:09,4.3,39.6438,22.2258
2021-03-03 14:35:57,4.9,39.6609,22.2357
2021-03-03 14:45:46,5.3,39.7259,22.2212
2021-03-03 14:49:03,4.9,39.7742,22.3586
2021-03-03 15:02:38,4.3,39.7306,22.1797
2021-03-03 21:24:09,5.1,39.7227,22.1153
2021-03-03 21:49:49,4.4,39.7259,22.0503
2021-03-04 00:00:56,4.3,39.7958,22.1868
2021-03-04 05:43:38,4.3,39.7362,22.1919
2021-03-04 12:36:16,4.6,39.7457,22.1311
2021-03-04 20:57:31,4.7,34.1448,80.3638
2021-03-04 21:38:19,5.8,39.7865,22.1157
2021-03-04 21:45:27,4.5,39.7931,21.9916
2021-03-04 22:23:51,5.5,39.8812,21.9795
2021-03-04 22:31:32,4.6,39.802,22.0039
2021-03-04 23:03:09,4.6,39.7751,22.1766
2021-03-05 12:59:59,4.6,39.7964,22.0456
2021-03-05 13:01:13,4.5,39.8056,21.9612
2021-03-05 17:10:53,3.8,36.0482,69.1101
2021-03-06 00:52:15,4.2,40.8254,69.1644
2021-03-06 16:01:00,4.4,36.6641,69.3922
2021-03-06 19:36:19,4.5,39.6816,22.2378
2021-03-06 22:26:48,4.0,37.5347,72.3385
2021-03-06 22:47:41,4.4,39.8399,22.0772
2021-03-06 23:26:42,4.1,36.4149,71.1581
2021-03-07 02:53:25,4.3,39.1495,70.4301
2021-03-07 15:29:52,4.0,36.5574,71.5065
2021-03-08 04:56:10,4.3,38.3763,22.0021
2021-03-08 21:00:47,4.3,39.6448,22.2201
2021-03-08 21:34:22,4.4,39.7218,22.0665
2021-03-09 04:52:04,4.2,36.2447,71.4029
2021-03-09 07:30:31,4.8,34.1743,25.9344
2021-03-09 14:15:01,4.6,25.3809,95.0793
2021-03-09 19:28:29,4.5,31.0997,50.9558
2021-03-10 00:06:48,4.7,36.4189,70.6937
2021-03-10 23:30:18,4.7,34.3007,58.1958
2021-03-11 02:19:30,4.2,36.4818,70.927
2021-03-11 05:34:14,4.5,22.6746,94.565
2021-03-11 08:46:27,4.0,38.4996,45.0356
2021-03-11 11:52:32,4.5,38.8146,20.4858
2021-03-11 17:19:40,4.5,39.6844,22.2651
2021-03-12 08:57:01,4.1,39.6645,43.7922
2021-03-12 10:05:13,4.5,51.4024,100.4494
2021-03-12 15:57:50,5.6,39.8931,22.0875
2021-03-12 16:07:50,4.3,39.7312,22.0044
2021-03-12 18:00:20,4.2,39.7992,22.2098
2021-03-13 00:17:09,4.6,41.6223,20.7274
2021-03-13 00:28:42,4.2,41.6507,20.6874
2021-03-13 06:25:49,4.1,39.7916,22.0534
2021-03-13 12:46:17,4.1,42.5804,43.3863
2021-03-13 15:30:24,4.4,37.4577,69.5913
2021-03-13 18:09:13,4.1,39.864,22.1084
2021-03-13 23:09:23,4.1,36.0392,21.9177
2021-03-14 00:11:10,4.1,39.8545,22.0309
2021-03-14 13:25:59,4.9,41.8825,81.1773
2021-03-14 15:20:02,4.5,41.1407,83.541
2021-03-14 15:54:10,5.0,28.1249,56.8186
2021-03-14 19:54:22,4.5,38.3432,56.9923
2021-03-15 00:36:23,4.0,34.1576,45.6628
2021-03-15 00:52:50,4.1,34.208,45.5762
2021-03-15 01:51:15,4.0,34.2243,45.5326
2021-03-15 04:55:48,4.4,37.1044,28.7649
2021-03-15 18:43:38,4.9,39.7982,22.1514
2021-03-15 21:33:44,4.6,35.2868,6.2506
2021-03-16 16:16:08,4.6,30.1485,86.3698
2021-03-17 09:27:17,4.5,44.4519,80.9253
2021-03-18 00:49:52,4.5,36.4899,6.7463
2021-03-18 03:04:06,6.0,36.9206,5.2014
2021-03-18 03:14:21,4.6,36.9455,5.2122
2021-03-18 03:17:05,5.0,36.9107,5.3143
2021-03-18 03:33:27,4.7,36.8702,5.23
2021-03-18 04:10:34,4.2,50.6795,86.9462
2021-03-18 11:09:49,4.4,37.6079,57.1406
2021-03-18 12:51:35,3.3,38.8363,-9.102
2021-03-18 14:53:59,4.4,37.4231,72.1824
2021-03-18 19:21:43,4.4,36.9558,5.2711
2021-03-19 05:48:22,3.9,36.5637,6.7925
2021-03-19 09:11:27,5.7,31.9246,92.9151
2021-03-19 13:57:47,4.4,31.8511,103.7118
2021-03-19 21:04:10,4.3,31.9252,93.017
2021-03-20 08:52:00,4.2,39.7819,39.0541
2021-03-20 10:43:06,4.5,36.9722,71.3458
2021-03-20 18:30:22,5.2,34.7094,83.4724
2021-03-21 01:50:39,4.7,35.2173,27.5065
2021-03-21 15:22:37,4.2,26.6195,92.5148
2021-03-21 17:18:03,4.6,36.4722,71.2033
2021-03-21 20:15:54,4.3,39.7694,22.0889
2021-03-22 17:51:51,4.5,31.5079,84.831
2021-03-22 18:40:44,4.6,28.2935,93.7808
2021-03-22 20:23:35,5.0,31.9664,92.9084
2021-03-23 03:08:03,4.4,40.09,20.9964
2021-03-23 15:06:47,4.3,33.7632,48.5339
2021-03-23 21:56:46,4.2,36.5077,68.0699
2021-03-23 22:36:10,4.2,36.721,71.5277
2021-03-24 00:14:18,5.3,41.8177,81.1623
2021-03-24 03:04:35,4.0,41.6366,81.1837
2021-03-24 16:14:14,4.3,41.7855,81.155
2021-03-25 02:23:54,4.5,36.8879,5.2734
2021-03-25 03:28:53,4.3,17.7099,94.1714
2021-03-25 05:37:14,4.6,36.8311,5.1854
2021-03-26 03:18:33,4.3,35.4265,91.1933
2021-03-26 10:15:29,4.2,28.1667,104.8484
2021-03-26 13:37:17,4.2,36.5762,70.8919
2021-03-26 22:00:43,4.0,36.3655,70.6382
2021-03-26 22:02:07,5.0,27.6289,92.6692
2021-03-27 02:08:30,4.6,40.8216,83.291
2021-03-27 16:47:55,5.5,42.4479,16.0496
2021-03-27 17:01:03,4.4,42.4478,16.074
2021-03-27 20:24:15,4.5,35.5062,89.4991
2021-03-28 15:47:11,4.4,27.7926,64.7002
2021-03-29 20:27:23,5.5,34.3549,87.6921
2021-03-30 10:35:42,4.3,42.4699,16.0532
2021-03-30 19:25:00,4.0,47.7597,16.1965
2021-03-31 03:01:27,5.2,51.1814,100.3687
2021-03-31 15:24:14,4.1,36.5397,70.8651
2021-03-31 21:32:49,4.4,39.1406,71.3575
2021-03-31 23:34:23,4.3,33.1252,47.1113
2021-04-01 15:04:49,4.4,37.5087,70.3956
2021-04-01 15:33:40,4.7,36.2412,26.5129
2021-04-01 17:33:33,4.8,36.4139,7.1942
2021-04-01 19:51:09,4.2,36.7131,70.9939
2021-04-01 22:20:06,4.6,40.9088,79.0898
2021-04-02 10:55:53,4.7,35.6454,89.3989
2021-04-02 11:58:38,4.3,34.4826,87.6043
2021-04-02 14:37:13,4.1,31.7407,51.1961
2021-04-03 09:10:14,4.8,35.2141,22.7255
2021-04-03 23:05:57,4.4,39.6794,22.222
2021-04-04 07:55:34,4.3,38.0111,72.5755
2021-04-04 09:16:28,4.5,35.9507,69.7657
2021-04-04 14:18:17,4.2,34.0808,26.1747
2021-04-04 23:09:52,4.2,36.7677,75.7308
2021-04-05 05:14:22,4.3,36.8989,22.2557
2021-04-05 08:02:33,4.3,40.1867,19.8297
2021-04-05 14:33:28,4.7,39.5468,54.7538
2021-04-05 18:19:57,5.2,27.1863,88.9412
2021-04-06 04:36:55,3.9,26.8176,88.7828
2021-04-06 05:04:03,4.0,21.9881,94.3005
2021-04-06 07:11:42,4.0,34.5714,24.0953
2021-04-06 11:54:21,4.7,45.2099,16.2781
2021-04-06 18:12:25,5.2,35.6618,45.9925
2021-04-06 20:22:17,4.4,35.2114,59.1796
2021-04-07 00:48:35,5.0,31.8686,92.9137
2021-04-07 00:55:47,4.7,31.9628,92.9564
2021-04-07 01:00:59,4.3,31.9489,93.059
2021-04-07 05:06:07,4.1,41.5234,19.5141
2021-04-07 10:08:18,4.6,36.3122,27.1863
2021-04-08 00:54:57,4.2,36.426,27.102
2021-04-08 01:35:06,4.0,36.4352,27.1213
2021-04-08 03:33:48,4.5,36.463,27.1575
2021-04-08 18:23:05,4.2,36.3391,27.1309
2021-04-09 21:36:46,4.5,45.8044,26.6269
2021-04-10 18:18:24,4.1,28.062,66.6139
2021-04-10 21:21:48,4.7,31.6849,90.6416
2021-04-11 00:49:38,4.3,28.3413,67.2682
2021-04-11 01:53:58,4.5,38.3053,20.7079
2021-04-11 03:17:13,4.2,38.2472,20.6236
2021-04-11 17:06:37,4.1,40.8361,34.7499
2021-04-12 06:44:23,4.2,33.795,15.8932
2021-04-12 19:39:54,4.1,32.6037,22.9664
2021-04-13 07:28:07,4.4,36.1157,68.0527
2021-04-13 08:42:49,4.6,36.4947,70.8628
2021-04-13 12:07:38,4.1,23.9196,102.3209
2021-04-13 12:32:47,4.5,40.18,72.2629
2021-04-13 13:44:23,4.2,30.3274,70.5179
2021-04-13 23:28:02,5.3,36.5325,27.0593
2021-04-14 02:41:17,4.1,34.5245,70.126
2021-04-14 10:24:48,4.1,36.5179,70.837
2021-04-14 12:44:38,4.3,36.3109,70.5082
2021-04-15 07:10:20,4.5,39.239,26.0924
2021-04-15 07:33:34,4.6,42.4764,16.0722
2021-04-15 19:42:04,4.6,51.2438,100.3996
2021-04-16 01:26:24,4.6,32.4789,78.7499
2021-04-17 14:59:27,4.0,31.4497,21.2857
2021-04-17 20:08:00,5.0,36.4064,27.096
2021-04-17 23:46:09,4.1,42.2855,41.6282
2021-04-17 23:57:12,4.1,36.3324,27.0665
2021-04-18 01:31:04,4.1,35.2448,22.4818
2021-04-18 01:35:55,4.4,36.3455,27.1118
2021-04-18 09:41:49,5.8,29.7531,50.6784
2021-04-18 09:55:56,4.5,29.7996,50.5744
2021-04-18 10:03:07,4.2,29.5324,50.3724
2021-04-18 10:10:27,4.5,29.7215,50.4064
2021-04-18 10:54:51,4.3,41.961,67.1547
2021-04-18 10:59:36,4.5,29.8356,50.5342
2021-04-18 11:50:38,4.4,29.8914,50.6038
2021-04-18 16:24:32,5.1,22.5129,94.1955
2021-04-18 19:20:40,4.0,29.6881,50.3354
2021-04-18 19:26:26,4.2,36.3788,27.1475
2021-04-19 00:50:19,4.4,29.7809,50.4847
2021-04-19 01:17:46,4.7,29.7143,50.6416
2021-04-19 01:41:45,4.3,29.7666,50.5667
2021-04-19 01:43:50,4.4,29.7638,50.4596
2021-04-19 04:48:23,4.2,29.6112,50.411
2021-04-19 05:46:04,4.2,29.8231,50.3785
2021-04-19 09:10:36,4.0,29.6373,50.3134
2021-04-19 15:56:02,4.4,36.4941,71.329
2021-04-20 00:32:49,4.3,29.8196,50.6815
2021-04-20 01:57:11,3.9,47.7814,16.1948
2021-04-20 08:09:53,4.6,36.3997,27.1438
2021-04-20 11:21:56,4.1,36.4397,25.5067
2021-04-20 11:36:34,4.1,29.5544,50.5344
2021-04-20 20:55:28,4.3,29.6185,50.5014
2021-04-21 00:15:40,3.0,45.8625,16.047
2021-04-21 00:26:43,4.2,30.6109,99.7028
2021-04-21 08:46:39,4.1,36.5988,27.0299
2021-04-21 16:28:26,4.7,30.0036,89.7629
2021-04-22 00:39:16,4.0,29.5902,50.4934
2021-04-22 02:26:36,4.1,36.8844,68.3921
2021-04-22 06:08:52,4.1,30.3858,87.1751
2021-04-22 22:49:58,4.4,36.2966,27.1552
2021-04-23 00:07:39,4.1,36.44,70.7896
2021-04-23 04:24:30,4.2,38.6654,24.7907
2021-04-23 05:59:21,4.2,31.8191,-10.2808
2021-04-23 10:50:34,4.4,36.5522,70.9212
2021-04-23 15:19:17,4.2,36.3338,27.2142
2021-04-24 13:10:53,4.2,42.8152,86.3599
2021-04-24 19:17:38,4.3,36.9693,20.9832
2021-04-24 19:56:58,4.5,36.4255,68.663
2021-04-25 23:05:23,4.3,38.2013,72.9826
2021-04-26 06:01:03,4.0,36.4384,-11.4627
2021-04-26 13:09:55,4.8,34.3626,45.845
2021-04-27 08:16:59,4.5,37.5511,75.6654
2021-04-27 12:49:33,4.1,30.1099,50.4332
2021-04-27 14:43:16,4.6,35.5232,89.5874
2021-04-27 18:45:40,3.3,42.8839,17.8958
2021-04-28 05:21:26,6.0,26.7813,92.4565
2021-04-28 05:33:01,5.0,26.7489,92.5136
2021-04-28 05:43:20,4.4,26.8262,92.5371
2021-04-28 13:33:27,4.2,26.7662,92.5133
2021-04-28 22:50:53,4.8,26.7477,92.4849
2021-04-29 08:57:44,4.1,36.2283,71.089
2021-04-29 23:06:02,4.7,36.61,70.9548
2021-04-30 09:00:39,4.1,30.6691,103.2503
2021-04-30 16:40:06,4.3,24.2389,94.513
2021-04-30 23:47:33,4.4,19.3381,97.1038
2021-05-01 03:46:57,4.2,37.1542,71.2027
2021-05-01 12:43:20,4.2,34.7208,23.1381
2021-05-01 22:18:03,4.0,38.9178,14.8202
2021-05-02 01:10:06,4.3,35.4452,-3.6289
2021-05-02 08:59:08,4.2,34.7828,23.8604
2021-05-02 12:16:19,4.1,36.496,22.8793
2021-05-02 14:19:05,4.4,24.0664,65.0104
2021-05-03 05:07:11,4.1,39.0679,13.8322
2021-05-03 11:46:39,5.6,51.3055,100.4195
2021-05-03 11:58:52,4.3,52.7,100.5853
2021-05-03 13:41:09,4.2,25.8803,96.7988
2021-05-03 14:42:39,4.6,36.696,94.1354
2021-05-03 22:13:39,4.5,38.4472,73.477
2021-05-04 00:57:14,4.2,38.2933,75.6547
2021-05-04 14:28:33,4.0,36.4422,70.9143
2021-05-04 18:02:02,4.4,34.0067,25.6633
2021-05-05 04:51:05,4.3,32.3251,103.9714
2021-05-05 09:57:55,4.1,49.7949,86.9429
2021-05-05 16:52:12,4.0,26.7384,92.0993
2021-05-06 02:40:34,4.4,36.3394,27.6434
2021-05-06 08:00:15,4.2,26.5945,92.4813
2021-05-06 10:07:18,4.4,42.6205,79.4041
2021-05-06 22:59:30,3.2,44.9349,17.294
2021-05-07 04:23:47,4.3,30.666,50.7911
2021-05-07 06:08:07,4.3,37.6674,19.7637
2021-05-07 11:16:41,4.1,36.5596,70.9579
2021-05-07 14:21:16,4.1,36.6988,71.0116
2021-05-07 15:44:47,4.4,29.6019,50.5869
2021-05-07 22:48:45,4.4,35.2766,46.4434
2021-05-08 12:55:08,4.4,39.6368,23.0871
2021-05-08 13:18:23,4.3,37.8619,21.968
2021-05-08 14:41:45,4.3,36.2784,27.1579
2021-05-09 00:46:42,4.3,29.8117,50.553
2021-05-09 04:53:36,4.4,37.2371,71.6884
2021-05-09 21:41:23,3.8,26.774,92.4738
2021-05-10 11:04:24,4.3,36.4912,71.1117
2021-05-11 19:52:02,4.6,35.4606,-3.5802
2021-05-12 00:31:01,4.8,40.5284,20.9853
2021-05-12 17:37:07,4.5,37.1378,85.0799
2021-05-12 17:42:21,4.4,51.5371,16.0465
2021-05-12 19:11:40,4.4,29.7682,50.5265
2021-05-12 19:26:15,4.6,29.7689,50.726
2021-05-13 06:42:38,4.6,24.4093,99.192
2021-05-14 04:02:21,4.6,36.5242,69.4966
2021-05-14 09:54:59,4.3,35.3374,-3.7105
2021-05-14 12:54:04,4.3,39.4026,73.0747
2021-05-14 12:57:25,4.5,36.4008,69.5932
2021-05-14 19:42:04,4.5,24.9625,95.1088
2021-05-15 02:39:52,4.2,26.418,95.5047
2021-05-15 06:03:56,4.4,26.753,92.4736
2021-05-15 10:56:02,4.1,43.3128,12.5915
2021-05-16 02:06:24,4.0,40.2787,34.4398
2021-05-16 03:16:32,4.2,34.6253,24.8123
2021-05-16 20:32:48,4.7,27.745,52.1424
2021-05-17 01:07:22,4.1,20.6607,71.4793
2021-05-17 02:04:56,5.3,37.3033,56.7455
2021-05-17 03:54:01,5.4,37.3349,56.7058
2021-05-17 04:03:41,4.2,37.5527,56.7165
2021-05-17 05:47:00,4.4,37.2518,56.796
2021-05-17 07:11:52,4.1,36.255,71.1316
2021-05-17 07:37:25,4.3,31.9601,92.926
2021-05-17 08:40:02,4.3,29.8199,50.3922
2021-05-17 10:31:44,4.0,37.7869,56.706
2021-05-17 11:47:54,4.4,37.4984,56.6385
2021-05-18 13:49:40,4.2,26.7801,100.0826
2021-05-18 15:03:01,4.4,26.6713,92.4258
2021-05-18 15:56:54,4.3,26.4878,99.9121
2021-05-18 16:39:43,4.3,26.1305,99.4459
2021-05-18 20:16:35,4.0,37.6196,56.8049
2021-05-19 00:50:03,4.3,37.343,56.6487
2021-05-19 02:57:58,5.3,28.2785,84.3373
2021-05-19 05:41:38,4.9,28.3088,84.3042
2021-05-19 07:07:30,4.6,37.6073,56.639
2021-05-19 12:19:13,4.6,34.776,69.5705
2021-05-19 14:14:59,4.6,38.076,27.0444
2021-05-19 15:05:59,4.6,25.5864,99.9677
2021-05-19 16:13:10,4.3,25.8208,100.0915
2021-05-19 16:58:55,4.3,37.1823,56.6454
2021-05-19 19:54:29,4.5,28.2544,84.3876
2021-05-19 20:58:59,4.1,25.751,100.2228
2021-05-20 11:09:23,4.1,37.2841,71.5065
2021-05-21 14:10:55,4.4,35.4151,-3.6628
2021-05-21 14:52:17,5.0,29.7548,50.5448
2021-05-21 15:56:05,4.6,25.6579,99.9889
2021-05-21 16:21:26,5.2,25.6924,100.0183
2021-05-21 16:21:59,5.1,25.5476,99.9993
2021-05-21 16:48:37,6.1,25.7274,100.0082
2021-05-21 16:55:32,5.0,25.8236,100.0176
2021-05-21 16:56:40,5.0,25.838,100.1301
2021-05-21 17:31:12,5.1,25.6815,99.9907
2021-05-21 17:52:07,4.1,25.4865,100.6098
2021-05-21 18:23:37,4.5,25.6603,100.2397
2021-05-21 19:51:43,4.4,25.7324,100.0097
2021-05-21 20:36:07,4.3,25.6631,100.056
2021-05-21 20:50:18,4.2,25.689,100.2762
2021-05-21 21:04:13,7.3,34.5983,98.2513
2021-05-21 21:10:41,5.2,34.5751,98.2954
2021-05-21 21:12:15,5.5,34.617,98.4674
2021-05-21 21:13:01,5.5,34.4808,99.0805
2021-05-21 21:15:10,4.9,34.5192,99.048
2021-05-21 21:22:21,4.6,34.3861,98.7477
2021-05-21 21:22:54,4.3,34.6021,99.0034
2021-05-21 21:25:05,4.7,34.4608,99.104
2021-05-21 21:28:45,4.9,25.6714,99.978
2021-05-21 21:30:32,4.5,34.6132,99.0816
2021-05-21 21:36:02,4.6,34.611,98.4539
2021-05-21 21:38:32,4.2,34.5948,98.4408
2021-05-21 21:43:30,4.2,34.6893,99.1086
2021-05-21 21:50:59,4.4,34.6594,98.903
2021-05-21 21:55:26,4.1,34.5951,98.6124
2021-05-21 22:03:08,4.9,34.4065,99.058
2021-05-21 22:09:18,4.5,34.8004,97.8033
2021-05-21 22:49:14,4.6,34.6655,97.7166
2021-05-21 23:04:30,4.5,34.5177,98.5886
2021-05-21 23:10:59,4.1,25.7154,99.9773
2021-05-22 00:09:12,4.0,34.4304,99.2279
2021-05-22 00:14:02,4.0,34.7527,97.8683
2021-05-22 00:59:36,4.6,34.5901,98.3686
2021-05-22 01:23:31,4.1,36.3856,27.1625
2021-05-22 02:32:06,4.1,34.6674,98.0153
2021-05-22 02:50:42,4.4,35.1339,46.3272
2021-05-22 03:38:31,4.4,20.0893,95.7789
2021-05-22 04:48:03,4.4,25.7146,99.9459
2021-05-22 05:29:37,5.1,34.9495,97.4695
2021-05-22 05:38:45,5.1,34.5476,98.9375
2021-05-22 06:07:31,4.2,37.8196,56.4717
2021-05-22 06:16:13,4.5,34.7046,97.8634
2021-05-22 06:21:18,5.2,34.7474,98.0852
2021-05-22 06:30:47,4.7,34.2474,100.8578
2021-05-22 07:03:38,4.2,35.7563,99.0616
2021-05-22 10:06:23,4.9,34.5353,98.8874
2021-05-22 10:29:38,4.0,34.6345,98.8063
2021-05-22 12:20:25,4.2,34.8584,97.7378
2021-05-22 12:39:36,4.3,34.7559,97.5197
2021-05-22 12:42:49,4.3,34.6218,98.4116
2021-05-22 15:14:37,4.7,25.709,100.0706
2021-05-22 21:19:39,4.4,34.558,98.4494
2021-05-23 04:26:40,4.4,24.7351,95.0955
2021-05-23 06:46:56,4.1,34.6109,98.9669
2021-05-23 09:18:40,4.3,35.4548,-3.6342
2021-05-23 09:42:16,4.5,35.5354,-3.7349
2021-05-23 10:24:32,4.2,34.4011,99.0711
2021-05-23 12:38:48,4.5,29.8651,50.4918
2021-05-23 18:41:03,4.3,22.9496,94.5814
2021-05-23 22:01:39,4.5,30.8764,79.2707
2021-05-24 07:02:58,4.2,37.4778,56.6933
2021-05-24 07:40:52,4.5,39.2272,72.9847
2021-05-24 10:06:16,4.2,34.4747,98.3038
2021-05-24 11:31:30,4.4,34.823,97.4879
2021-05-24 17:15:21,4.7,34.5444,98.8106
2021-05-25 00:15:18,4.3,27.4192,62.7334
2021-05-25 00:43:40,4.4,42.7588,45.1414
2021-05-25 02:00:22,4.6,34.7361,97.9925
2021-05-25 07:46:26,4.3,34.7832,97.6507
2021-05-25 15:32:55,4.3,39.3716,21.4248
2021-05-25 19:22:16,4.2,29.342,51.8993
2021-05-25 22:23:07,4.1,23.593,94.5857
2021-05-25 23:44:45,4.4,51.1355,100.2876
2021-05-25 23:46:06,4.5,28.9684,86.3755
2021-05-26 00:30:37,4.3,45.587,26.5231
2021-05-26 00:37:54,4.3,39.985,40.1588
2021-05-26 01:12:19,4.2,30.2556,66.4514
2021-05-26 08:54:13,4.0,34.65,98.3261
2021-05-26 22:52:30,4.1,35.644,25.6622
2021-05-27 03:38:27,4.2,30.0988,66.2734
2021-05-27 11:54:33,4.7,30.0738,66.2502
2021-05-27 14:52:54,4.2,26.2866,99.5437
2021-05-27 16:06:07,5.1,34.4724,99.1057
2021-05-27 21:39:04,4.2,38.3968,21.759
2021-05-28 03:51:27,4.4,31.9486,95.0989
2021-05-28 06:58:07,4.8,27.9368,66.4794
2021-05-28 10:24:16,5.0,36.5239,70.1352
2021-05-28 15:43:19,4.2,25.5796,100.1467
2021-05-28 19:51:21,4.5,22.5949,94.7171
2021-05-28 23:35:49,4.9,29.7949,50.6082
2021-05-29 03:55:03,4.3,29.7096,50.4978
2021-05-29 04:41:55,4.4,38.1285,74.1484
2021-05-29 04:48:14,4.2,29.7403,50.6816
2021-05-29 05:11:06,4.2,29.6887,50.4728
2021-05-29 05:12:53,4.6,29.6806,50.5542
2021-05-29 05:17:18,4.5,29.671,50.5416
2021-05-29 22:32:43,4.1,34.2369,22.4977
2021-05-30 00:17:37,4.5,37.4337,56.7441
2021-05-30 02:02:50,4.2,29.7753,50.6169
2021-05-30 07:50:09,5.1,34.6242,98.1957
2021-05-30 09:55:15,5.0,34.5921,98.3313
2021-05-30 11:53:07,4.4,26.6343,92.326
2021-05-31 03:12:12,4.5,34.4973,98.5965
2021-05-31 07:20:49,4.2,26.7632,92.3186
2021-05-31 09:23:38,4.4,35.0891,32.6954
2021-05-31 22:49:34,4.4,23.2381,94.6949
2021-06-01 04:26:25,4.5,37.1177,71.4946
2021-06-01 13:35:29,4.1,36.6997,71.4554
2021-06-01 18:56:14,4.7,39.8112,22.1323
2021-06-02 09:14:29,4.2,37.5745,36.1435
2021-06-02 12:31:38,4.4,36.8618,68.2466
2021-06-02 12:40:28,4.4,36.9211,68.0422
2021-06-02 15:44:04,4.4,41.0214,78.3727
2021-06-02 20:56:57,4.1,36.947,68.2486
2021-06-02 23:47:45,4.2,36.866,68.3333
2021-06-03 08:55:18,5.0,34.6927,97.8048
2021-06-03 18:06:13,4.8,38.205,21.9475
2021-06-04 04:05:26,4.6,35.2249,25.2518
2021-06-04 05:03:40,4.2,37.2006,20.5585
2021-06-04 23:23:09,4.2,36.3759,27.1473
2021-06-05 01:12:25,4.1,25.6398,100.1814
2021-06-06 07:54:23,5.3,33.4017,46.1288
2021-06-06 10:31:39,4.2,34.269,98.3018
2021-06-06 18:56:42,4.5,37.2556,71.6898
2021-06-06 19:40:24,4.1,33.3907,45.8621
2021-06-07 19:00:19,4.4,36.2859,27.1213
2021-06-08 02:12:19,4.1,37.4974,72.381
2021-06-08 06:59:53,4.4,43.666,16.07
2021-06-08 16:26:41,4.3,34.3128,81.7049
2021-06-08 19:38:16,4.1,34.9922,25.2545
2021-06-08 22:28:39,4.1,36.248,70.8875
2021-06-09 05:36:28,4.2,35.0613,25.208
2021-06-09 14:35:23,4.5,31.7774,69.7581
2021-06-10 05:46:37,3.8,46.147,53.1117
2021-06-10 09:42:12,4.0,36.5607,70.946
2021-06-10 14:46:10,5.0,24.5004,102.023
2021-06-10 14:58:41,4.5,25.0275,102.7208
2021-06-10 16:52:34,4.1,24.5221,102.2184
2021-06-11 17:31:11,4.6,37.2654,56.7097
2021-06-12 04:44:42,4.3,36.5303,70.7326
2021-06-12 13:00:48,4.9,24.9597,97.8861
2021-06-12 15:48:22,4.1,34.9007,97.4775
2021-06-12 21:31:28,3.9,21.0204,85.0848
2021-06-13 00:37:51,4.2,30.7389,57.0832
2021-06-13 05:27:24,4.2,29.7776,50.5107
2021-06-13 10:28:08,4.3,36.4239,71.4384
2021-06-13 16:19:31,4.4,39.8559,22.1922
2021-06-13 23:02:37,4.3,31.9442,104.4437
2021-06-14 07:29:02,4.1,27.9711,66.5514
2021-06-14 10:09:14,4.4,41.9153,82.5761
2021-06-14 15:46:31,4.4,39.7736,20.4106
2021-06-14 19:40:40,4.0,36.1591,70.5849
2021-06-15 07:00:16,4.4,34.787,97.3911
2021-06-15 17:46:08,4.8,26.6187,97.0854
2021-06-16 00:52:16,4.4,34.5637,70.3727
2021-06-16 02:08:52,4.1,30.2013,35.0504
2021-06-16 10:35:39,4.4,24.8636,102.4703
2021-06-16 11:48:58,5.5,38.2061,93.7234
2021-06-17 03:35:13,4.4,35.5415,24.8527
2021-06-17 17:19:36,5.0,34.7242,73.2047
2021-06-17 23:34:41,4.5,26.6776,92.3948
2021-06-18 09:45:30,4.1,25.8161,65.0633
2021-06-18 12:38:16,4.1,37.2087,30.8173
2021-06-18 19:51:27,4.4,35.7021,28.1647
2021-06-18 22:37:32,4.5,26.7357,92.4583
2021-06-19 06:23:06,4.7,35.4995,-3.5835
2021-06-19 15:07:52,3.5,40.9881,29.1424
2021-06-19 16:59:17,4.5,32.1089,69.8552
2021-06-20 03:03:23,4.1,27.945,52.0112
2021-06-20 16:21:00,4.3,32.5765,47.7332
2021-06-21 09:23:00,4.3,36.3441,21.7726
2021-06-21 10:13:29,4.2,36.4705,27.1418
2021-06-21 13:06:50,4.3,29.2822,87.124
2021-06-22 01:14:13,5.5,36.4391,27.0416
2021-06-22 01:21:06,4.3,36.2707,27.0835
2021-06-22 03:54:08,4.3,39.8369,22.1643
2021-06-22 04:36:39,4.3,35.1357,97.6714
2021-06-22 10:08:12,4.2,36.4852,68.5431
2021-06-22 17:54:33,4.4,35.3962,-3.7318
2021-06-22 18:44:27,4.2,36.3417,27.0624
2021-06-22 19:44:36,4.6,28.0137,92.2097
2021-06-23 01:43:09,4.2,38.9298,44.5543
2021-06-23 04:09:13,4.7,33.5317,71.5687
2021-06-23 16:19:16,4.0,37.4514,56.6823
2021-06-24 07:51:42,4.2,34.4243,101.7533
2021-06-24 07:58:58,4.4,35.93,70.963
2021-06-25 02:04:44,5.1,34.9509,69.0848
2021-06-25 04:11:18,4.1,36.573,70.9718
2021-06-25 04:42:11,4.5,41.1792,83.4592
2021-06-25 06:56:34,4.2,37.1333,71.9392
2021-06-25 07:57:27,4.0,41.1518,83.6077
2021-06-25 12:11:28,4.1,36.5979,69.6458
2021-06-25 12:21:09,4.3,36.3765,27.0535
2021-06-25 13:20:46,4.2,27.6128,102.6443
2021-06-25 14:02:32,4.2,37.9163,20.7906
2021-06-25 14:13:39,4.2,37.9003,20.8834
2021-06-25 21:28:37,5.4,39.1868,40.1667
2021-06-26 02:18:46,4.4,42.4922,18.5227
2021-06-26 06:00:24,4.1,48.6789,7.8045
2021-06-26 14:19:43,4.4,45.8842,79.2061
2021-06-27 12:07:22,4.1,36.2779,71.1488
2021-06-27 17:23:15,4.3,33.4311,56.9482
2021-06-28 03:40:35,4.8,34.2781,78.2208
2021-06-28 14:48:17,4.5,24.4853,102.0482
2021-06-28 19:53:38,4.3,43.3059,46.2292
2021-06-29 01:41:29,4.1,25.7746,100.0072
2021-06-29 06:41:56,4.1,38.4368,39.6178
2021-06-29 22:24:35,3.7,34.6873,77.9908
2021-06-30 06:00:11,4.3,39.0238,29.7084
2021-06-30 18:44:58,4.0,38.992,20.5075
2021-07-01 17:16:56,4.2,30.9474,56.4544
2021-07-01 22:16:23,4.4,22.5551,-12.4913
2021-07-02 02:08:25,4.3,42.1106,83.6397
2021-07-02 04:15:43,4.7,43.1001,81.5926
2021-07-02 12:23:25,4.0,38.3714,75.3224
2021-07-02 22:46:07,4.2,35.1438,25.2508
2021-07-03 09:33:52,4.2,30.9845,49.6487
2021-07-03 09:59:15,4.3,31.0508,49.6791
2021-07-04 13:07:03,4.2,27.2967,65.7434
2021-07-04 19:57:10,4.6,26.608,96.5397
2021-07-04 21:16:23,4.4,39.2615,71.7664
2021-07-05 00:48:30,4.0,32.9708,98.8816
2021-07-05 10:37:14,4.1,28.1809,56.7829
2021-07-05 12:32:35,4.4,28.0474,57.5519
2021-07-05 20:06:55,3.9,28.9016,76.839
2021-07-05 23:40:29,4.3,35.1803,25.2372
2021-07-06 04:50:54,4.5,34.6556,98.2962
2021-07-06 12:03:43,4.2,36.4134,27.0791
2021-07-06 12:40:41,4.2,37.458,68.7567
2021-07-06 14:20:00,4.1,45.5936,26.4752
2021-07-06 14:44:33,4.7,27.8046,53.2176
2021-07-06 15:44:05,4.9,26.9043,59.4044
2021-07-06 17:17:59,4.5,37.3025,72.2847
2021-07-06 21:16:12,4.4,38.1635,72.7388
2021-07-07 06:15:24,5.3,25.9603,90.3499
2021-07-07 09:43:49,4.7,19.6805,101.1637
2021-07-07 10:27:11,4.6,34.4957,98.8989
2021-07-07 13:01:21,4.4,34.4804,98.9185
2021-07-08 01:52:10,4.1,37.5045,71.951
2021-07-08 04:16:56,4.4,37.923,20.9532
2021-07-08 11:20:56,4.9,36.6626,71.4147
2021-07-08 16:05:03,4.8,41.6232,81.0451
2021-07-08 16:23:25,5.1,34.6768,97.9158
2021-07-09 03:26:26,4.6,25.0311,95.2274
2021-07-09 04:38:35,4.4,37.1361,71.8664
2021-07-09 10:46:23,4.3,25.9749,90.3995
2021-07-09 18:41:19,4.9,36.8499,45.1506
2021-07-09 20:31:11,4.2,36.8268,45.2089
2021-07-09 23:08:42,4.2,36.2585,23.2445
2021-07-10 05:14:42,5.7,38.9152,70.5612
2021-07-10 08:48:06,4.6,39.0526,70.5672
2021-07-10 09:06:06,4.1,39.1299,70.5219
2021-07-10 09:07:01,4.3,39.1329,70.3928
2021-07-10 17:43:22,4.3,38.9159,26.0225
2021-07-10 18:22:42,4.5,38.9958,70.4547
2021-07-10 19:05:12,4.4,40.2614,72.7893
2021-07-10 22:19:17,4.1,38.9155,26.0142
2021-07-11 00:53:27,4.0,40.1215,34.4358
2021-07-11 03:00:17,4.3,38.4049,23.3239
2021-07-11 04:34:49,4.4,39.104,70.6588
2021-07-11 04:38:43,4.3,30.9707,49.7113
2021-07-11 14:40:03,4.4,35.4397,-3.6282
2021-07-12 19:48:26,4.4,38.6221,99.6521
2021-07-13 04:08:38,4.2,39.0165,70.7442
2021-07-13 14:11:52,5.0,29.8693,50.8679
2021-07-13 16:07:34,4.2,39.7228,12.9941
2021-07-14 00:10:34,4.5,36.5519,70.8861
2021-07-14 02:40:50,4.5,22.4445,94.2123
2021-07-14 08:47:26,4.0,36.595,70.9321
2021-07-14 11:17:47,4.3,36.5531,70.8497
2021-07-14 18:36:07,5.0,30.9335,103.4915
2021-07-14 23:10:53,4.2,22.4613,94.1567
2021-07-14 23:34:51,4.5,23.5272,94.7567
2021-07-15 03:18:34,4.2,36.745,71.2632
2021-07-16 10:59:49,4.5,32.1573,104.6416
2021-07-16 14:39:34,4.2,36.0468,69.8996
2021-07-16 20:29:24,4.0,40.4017,83.6944
2021-07-16 22:56:09,4.3,39.0572,70.3775
2021-07-18 07:56:54,4.4,35.0648,25.1426
2021-07-18 17:34:19,5.4,29.7049,51.1282
2021-07-18 17:54:30,4.3,29.7259,51.1458
2021-07-18 18:08:42,4.4,29.6616,51.0807
2021-07-18 18:26:59,4.4,29.7035,51.1517
2021-07-18 20:32:33,4.4,29.7194,51.1719
2021-07-18 23:43:42,4.2,29.6424,51.1972
2021-07-19 00:31:19,4.3,27.9486,51.9782
2021-07-19 01:09:22,4.4,34.7738,39.6992
2021-07-19 10:32:52,4.1,38.9412,35.6905
2021-07-19 10:39:43,4.1,38.945,35.6174
2021-07-19 16:13:02,4.1,37.7573,27.9657
2021-07-19 22:21:28,4.6,36.6973,5.6209
2021-07-20 04:27:02,4.3,41.5014,81.1306
2021-07-20 06:12:53,4.3,29.6053,51.1571
2021-07-20 08:05:27,4.3,38.385,23.3086
2021-07-20 20:44:15,4.2,35.1028,25.2108
2021-07-20 20:49:28,4.2,29.3394,70.1331
2021-07-20 22:01:19,4.3,27.5429,103.1328
2021-07-21 02:16:39,4.2,23.8122,65.3033
2021-07-21 02:54:26,5.2,29.3258,70.0487
2021-07-21 07:01:45,4.3,34.0777,78.4395
2021-07-21 07:42:30,4.1,36.9233,71.3484
2021-07-22 02:03:46,3.9,38.9222,26.0911
2021-07-22 03:48:02,4.3,38.9612,26.0722
2021-07-22 04:20:22,4.1,38.9471,26.1083
2021-07-22 05:12:24,4.5,30.06,70.3286
2021-07-22 17:16:29,4.8,36.3524,27.0556
2021-07-22 19:49:37,4.6,39.8139,20.6756
2021-07-23 07:38:54,4.6,29.6315,51.1879
2021-07-23 20:44:26,4.5,42.0599,83.3564
2021-07-23 22:44:07,4.5,40.7197,82.9628
2021-07-23 23:12:53,4.3,36.5757,70.8556
2021-07-24 01:52:27,4.4,39.5192,15.4311
2021-07-24 05:07:38,4.7,35.1902,25.2292
2021-07-24 05:32:50,4.1,34.9494,25.0787
2021-07-24 14:21:11,4.4,37.3843,71.1862
2021-07-24 19:23:49,4.2,32.7383,102.2679
2021-07-25 00:56:55,4.0,35.0941,25.1673
2021-07-25 02:11:22,4.4,37.4372,71.7817
2021-07-25 18:09:21,4.5,27.3429,88.3092
2021-07-25 20:57:29,3.3,37.064,36.4077
2021-07-25 23:55:06,4.6,37.1114,36.4369
2021-07-25 23:59:16,4.6,40.7838,77.9765
2021-07-26 08:03:30,4.9,24.5824,94.4421
2021-07-26 11:49:08,4.2,36.5941,71.5091
2021-07-26 14:08:33,4.3,38.2844,74.0421
2021-07-27 00:09:59,4.1,38.7203,20.5218
2021-07-27 13:02:54,4.3,39.1724,26.1042
2021-07-27 13:41:31,4.3,37.9836,72.7109
2021-07-27 22:57:34,4.4,43.5857,86.1906
2021-07-27 23:00:44,4.1,41.7756,19.5298
2021-07-28 03:41:21,4.7,42.7467,46.5445
2021-07-28 11:32:29,4.3,37.2397,71.4116
2021-07-28 15:27:14,4.1,39.289,40.3319
2021-07-28 22:24:03,4.4,34.9229,91.0351
2021-07-29 03:51:21,4.0,36.4427,70.7609
2021-07-29 11:39:27,5.5,22.8638,95.9967
2021-07-30 02:09:14,5.0,38.7404,73.1143
2021-07-30 02:47:25,4.5,29.6568,50.6575
2021-07-30 11:58:50,4.6,35.2794,-3.6453
2021-07-30 12:13:03,4.3,35.4993,-3.6941
2021-07-31 00:10:22,4.2,29.7043,50.5382
2021-07-31 05:01:45,4.4,36.3132,1.6646
2021-07-31 21:32:35,4.5,29.2414,69.5135
2021-07-31 22:57:55,4.7,36.4103,27.0628
2021-08-01 02:25:41,4.4,36.3274,27.064
2021-08-01 02:41:21,4.3,34.4176,45.3329
2021-08-01 07:31:26,5.6,36.3958,27.0112
2021-08-01 08:12:35,4.2,36.3191,27.0565
2021-08-01 08:15:25,4.0,36.3931,27.0824
2021-08-01 11:37:31,4.4,36.2215,27.0298
2021-08-01 12:14:27,4.5,36.3665,27.0431
2021-08-01 12:16:26,4.6,36.9911,71.3805
2021-08-01 16:24:54,4.0,36.2001,27.1133
2021-08-01 19:04:42,4.1,36.2233,27.187
2021-08-01 20:57:09,4.3,46.8143,27.4936
2021-08-02 00:07:27,3.3,42.2506,21.3256
2021-08-02 02:27:19,4.1,45.4702,16.3163
2021-08-02 11:25:40,4.0,54.3397,86.1971
2021-08-02 11:31:37,4.3,29.0413,47.5342
2021-08-02 11:49:30,4.5,35.553,-3.9634
2021-08-02 17:06:10,4.4,35.4442,-3.6231
2021-08-02 17:23:28,4.2,36.2966,27.0954
2021-08-03 00:39:37,4.5,32.1646,60.6425
2021-08-03 01:47:47,4.6,38.2622,73.1776
2021-08-03 02:56:17,4.2,36.3204,26.9805
2021-08-03 15:38:17,5.2,36.3902,27.0435
2021-08-03 19:54:45,4.5,30.9514,49.5448
2021-08-03 20:39:59,4.0,36.3153,27.0209
2021-08-03 22:53:13,4.6,36.3658,27.0007
2021-08-04 01:50:43,4.4,36.2933,27.1431
2021-08-04 02:49:27,4.2,36.3071,27.062
2021-08-04 09:00:22,4.3,36.2232,27.0556
2021-08-04 13:32:27,4.9,36.3149,69.858
2021-08-04 15:38:16,4.0,38.9189,35.667
2021-08-05 01:10:02,4.4,25.0993,94.9275
2021-08-05 04:56:16,4.4,36.8044,70.8558
2021-08-05 07:18:11,4.5,37.5703,71.831
2021-08-05 11:49:31,4.4,37.5869,21.4514
2021-08-05 13:33:24,4.1,32.6903,47.4869
2021-08-06 12:16:47,4.4,36.2661,27.081
2021-08-06 13:52:39,4.2,36.3481,27.089
2021-08-06 13:58:13,4.0,36.0894,27.0016
2021-08-06 15:47:47,4.4,23.2137,94.1338
2021-08-06 21:49:56,4.4,22.5189,94.2094
2021-08-06 22:57:08,4.2,36.2408,27.0945
2021-08-06 23:16:07,4.5,21.4095,94.7377
2021-08-06 23:41:58,4.1,36.25,27.0402
2021-08-07 04:39:45,5.0,36.2724,27.0356
2021-08-07 06:02:26,4.5,49.3357,82.1192
2021-08-07 07:19:15,4.3,35.4578,-3.6295
2021-08-07 09:44:05,4.0,36.5628,71.0882
2021-08-07 12:34:37,4.6,36.4613,71.1077
2021-08-07 23:03:12,4.5,39.1061,70.6156
2021-08-08 16:31:56,4.3,39.7638,22.2157
2021-08-08 22:15:47,4.2,35.0547,25.1486
2021-08-09 00:10:23,4.0,44.8351,17.3491
2021-08-09 01:54:14,4.5,40.9263,83.8402
2021-08-09 03:48:39,4.1,40.3544,49.9695
2021-08-09 07:17:47,4.4,35.0557,25.2015
2021-08-09 13:51:26,4.7,40.0111,76.0181
2021-08-09 16:06:44,4.2,29.7653,94.5571
2021-08-09 18:48:30,4.2,20.4478,92.3214
2021-08-10 06:18:12,4.8,22.4535,95.9084
2021-08-10 11:12:46,3.6,30.2767,78.1005
2021-08-10 13:02:06,4.4,35.562,-3.3107
2021-08-10 18:45:38,4.1,36.7508,70.8377
2021-08-10 19:25:07,4.1,36.6818,71.489
2021-08-11 01:35:58,4.8,34.7112,98.0805
2021-08-11 08:59:32,4.3,38.8147,23.0425
2021-08-11 10:01:05,4.9,40.538,63.322
2021-08-11 12:31:20,4.2,45.4651,26.2477
2021-08-11 13:24:42,4.2,36.1792,27.0554
2021-08-11 19:18:03,4.2,26.9356,54.2467
2021-08-12 15:24:06,5.0,28.3366,57.4719
2021-08-12 17:52:29,4.4,28.2508,57.6096
2021-08-12 23:41:57,5.0,54.2899,87.0463
2021-08-13 00:25:12,4.6,37.189,-3.7468
2021-08-13 07:21:38,5.4,34.5936,97.4227
2021-08-13 12:31:29,4.6,29.8678,50.7505
2021-08-13 16:18:47,4.6,37.596,71.828
2021-08-13 20:27:31,4.5,28.2801,57.3679
2021-08-14 13:29:16,4.3,37.5054,71.7358
2021-08-15 13:41:11,5.2,37.4907,70.1356
2021-08-15 17:34:18,4.0,36.1895,27.0206
2021-08-16 02:19:13,4.1,41.1211,44.12
2021-08-16 04:44:05,4.8,41.1691,43.9722
2021-08-16 08:31:37,4.3,37.5026,22.0497
2021-08-16 10:31:10,4.4,35.7887,68.5348
2021-08-16 15:17:59,4.5,38.1539,73.1967
2021-08-16 16:54:41,4.4,35.0232,25.1049
2021-08-17 00:15:39,3.7,47.4326,12.0831
2021-08-17 02:58:56,4.6,45.4755,16.2341
2021-08-17 03:38:37,4.5,36.6677,71.1422
2021-08-17 11:44:16,4.1,36.6446,71.112
2021-08-17 13:21:44,4.2,38.6858,14.6325
2021-08-17 18:32:24,4.9,24.6509,94.4519
2021-08-17 18:39:29,4.3,35.2083,64.5691
2021-08-17 19:23:45,4.3,25.7687,99.9762
2021-08-17 23:20:11,4.6,31.9037,92.8722
2021-08-18 12:31:46,4.2,36.5239,70.5385
2021-08-19 08:30:20,4.8,39.0711,15.7206
2021-08-19 08:52:41,4.4,36.4394,69.4116
2021-08-19 14:06:15,4.3,36.1814,27.1131
2021-08-19 14:26:33,4.7,36.3354,27.1198
2021-08-20 10:21:04,4.0,38.5978,44.2294
2021-08-21 05:03:05,4.3,37.9649,72.5613
2021-08-21 16:21:21,4.3,36.342,27.0888
2021-08-21 21:42:35,4.4,39.0637,22.121
2021-08-22 15:22:03,4.6,22.2644,94.6702
2021-08-22 23:36:56,4.5,51.3785,100.3006
2021-08-23 00:01:16,4.2,39.7318,71.4883
2021-08-23 01:27:48,4.4,28.1304,55.4812
2021-08-23 10:19:31,4.7,34.1681,26.1973
2021-08-23 16:28:54,4.5,34.491,61.7066
2021-08-24 05:15:10,4.6,25.094,96.2561
2021-08-24 05:45:19,4.2,40.0491,77.1705
2021-08-24 19:48:13,4.7,32.0551,78.7955
2021-08-25 09:06:11,4.4,20.8876,96.9
2021-08-26 02:38:21,5.3,38.9098,95.5261
2021-08-26 03:07:48,4.1,25.0595,61.3743
2021-08-26 16:25:26,4.6,39.049,70.917
2021-08-26 18:28:03,4.2,38.8934,95.494
2021-08-27 14:04:45,4.3,31.6393,49.5329
2021-08-27 21:52:06,4.3,36.5563,70.8751
2021-08-28 03:22:48,4.1,36.4658,71.2047
2021-08-28 05:10:03,3.0,38.7946,20.4899
2021-08-28 06:57:36,4.1,35.4088,64.1087
2021-08-28 14:20:49,5.3,35.4853,-3.5403
2021-08-28 15:24:01,4.2,36.57,70.9104
2021-08-28 18:21:30,4.3,35.3951,89.2934
2021-08-28 22:20:46,4.4,42.2424,87.8657
2021-08-29 01:36:04,4.8,30.1983,69.7587
2021-08-29 17:27:49,4.4,43.7617,84.4369
2021-08-30 00:07:45,4.2,37.0266,25.0912
2021-08-30 11:18:59,4.2,36.5684,70.8459
2021-08-30 21:23:33,4.7,36.4122,69.1128
2021-08-31 00:06:33,4.4,37.8546,23.077
2021-08-31 07:14:16,4.2,38.1839,14.1642
2021-08-31 14:04:26,5.1,39.0422,30.1894
2021-08-31 16:28:42,4.3,40.4481,82.8993
2021-09-01 13:32:11,4.4,45.6733,26.4306
2021-09-01 15:51:59,4.0,35.4448,-3.6889
2021-09-02 07:50:06,5.0,37.6012,70.3436
2021-09-02 08:48:38,4.3,38.3543,23.2051
2021-09-03 00:12:52,4.2,36.3356,27.0107
2021-09-03 06:34:50,4.8,42.2827,46.033
2021-09-03 16:30:39,5.0,28.1266,104.9834
2021-09-03 18:48:32,3.9,37.7349,77.967
2021-09-04 04:21:12,4.3,37.9196,78.1123
2021-09-04 04:28:02,4.6,37.6047,77.9615
2021-09-04 04:39:06,4.5,37.7198,77.9128
2021-09-04 04:54:08,4.8,37.7236,77.9238
2021-09-04 15:05:15,4.5,26.5115,96.5587
2021-09-04 17:16:45,4.1,37.5315,72.0872
2021-09-04 20:52:06,4.6,37.7135,77.9281
2021-09-04 20:55:25,4.5,37.7689,77.9175
2021-09-04 23:03:55,4.3,33.0835,103.8163
2021-09-05 10:10:15,4.1,51.2504,87.8765
2021-09-05 10:44:50,4.2,51.4057,89.6766
2021-09-05 10:48:01,4.0,37.8062,72.0602
2021-09-06 00:27:51,4.6,35.9687,27.4849
2021-09-06 10:47:20,5.3,53.1609,99.0977
2021-09-06 18:00:17,4.6,40.1795,77.3173
2021-09-06 18:04:39,4.6,36.2989,27.1498
2021-09-06 21:13:30,4.2,53.2737,98.8102
2021-09-07 03:28:40,4.1,49.1983,88.3197
2021-09-07 12:42:41,4.2,37.8132,29.688
2021-09-07 14:15:00,4.6,36.1165,31.0332
2021-09-07 16:34:12,4.7,38.1266,73.1869
2021-09-08 00:55:23,4.2,36.4181,27.2005
2021-09-08 04:40:02,4.5,36.4786,27.1703
2021-09-08 08:20:04,5.4,38.1145,73.2166
2021-09-08 14:28:39,4.3,44.315,17.8873
2021-09-08 18:43:01,4.5,34.6514,45.35
2021-09-09 04:42:40,4.0,36.2823,35.7899
2021-09-09 16:27:04,3.4,31.9732,72.2567
2021-09-10 02:43:15,4.5,36.6814,71.0931
2021-09-10 02:48:23,5.0,36.8193,78.7332
2021-09-10 08:22:40,4.4,36.5486,70.86
2021-09-11 03:28:30,4.7,30.4791,79.282
2021-09-11 04:34:06,4.0,37.5649,72.2862
2021-09-11 09:51:50,4.2,41.5515,68.9325
2021-09-11 16:31:01,4.3,36.333,27.0088
2021-09-11 23:49:36,4.2,40.3471,19.5
2021-09-11 23:55:22,4.3,27.3933,54.6446
2021-09-12 00:20:00,4.1,27.3885,54.524
2021-09-12 01:45:19,4.4,27.4119,54.5778
2021-09-12 09:10:00,4.4,36.2135,70.4992
2021-09-12 13:08:11,3.1,38.1072,23.7801
2021-09-12 17:56:15,4.4,27.4834,85.9978
2021-09-13 06:46:47,4.3,33.7409,76.4233
2021-09-13 07:02:32,5.1,37.289,58.8939
2021-09-13 11:01:09,4.1,35.0109,26.6577
2021-09-13 18:59:34,4.3,37.2868,71.5039
2021-09-14 07:48:02,4.0,28.9103,49.6258
2021-09-14 13:40:07,4.3,23.5962,94.8405
2021-09-14 13:40:08,4.7,33.2902,72.1846
2021-09-14 13:40:39,4.5,37.7181,20.3777
2021-09-14 14:32:21,4.3,34.0756,25.9189
2021-09-14 20:52:24,4.2,41.2831,80.9302
2021-09-15 03:41:12,4.3,36.2949,70.6059
2021-09-15 05:19:44,4.1,42.2591,19.4647
2021-09-15 15:26:54,4.3,42.2522,19.4574
2021-09-15 16:29:41,4.6,23.4599,93.4042
2021-09-16 06:05:03,4.1,37.8875,29.4053
2021-09-16 07:49:42,4.4,23.6577,94.5361
2021-09-17 22:12:03,4.7,30.1325,69.282
2021-09-18 01:06:44,4.9,38.4972,73.4515
2021-09-18 01:22:53,4.2,38.5461,73.4392
2021-09-18 02:45:30,4.1,37.93,29.3483
2021-09-18 03:11:18,4.2,35.4828,-3.6101
2021-09-19 12:08:57,4.3,30.8962,51.2407
2021-09-19 12:36:30,4.7,28.7353,96.4223
2021-09-19 22:24:04,5.0,25.2256,94.8803
2021-09-20 01:11:09,4.4,27.3459,52.4711
2021-09-20 04:01:09,3.4,44.5625,18.1833
2021-09-21 04:24:38,4.4,27.2526,52.9044
2021-09-21 17:04:37,4.0,41.4836,19.9323
2021-09-21 19:09:45,4.3,40.58,36.9462
2021-09-22 15:59:56,4.4,28.3685,103.6929
2021-09-23 03:03:42,4.9,44.9494,100.6053
2021-09-23 06:17:58,4.5,48.9703,25.9793
2021-09-25 02:43:12,4.4,36.7164,42.4005
2021-09-25 07:41:07,5.0,30.3557,94.7747
2021-09-25 12:24:34,4.4,30.2615,94.8136
2021-09-26 03:14:16,4.5,28.0556,57.0196
2021-09-26 07:40:09,4.0,36.4387,27.1385
2021-09-26 09:28:43,4.2,23.4064,93.4982
2021-09-26 14:26:40,4.2,23.2858,93.8375
2021-09-26 20:07:55,4.2,42.2552,81.7932
2021-09-26 20:22:17,4.6,42.2202,82.2187
2021-09-27 07:41:28,4.3,36.6582,71.1186
2021-09-27 08:40:36,5.1,38.0372,73.2259
2021-09-27 09:17:21,6.0,35.244,25.2697
2021-09-27 09:27:46,4.1,35.2272,25.105
2021-09-27 09:37:44,4.7,35.092,25.2617
2021-09-27 10:30:46,4.5,35.3273,25.265
2021-09-27 10:46:31,4.2,35.1906,25.1782
2021-09-27 11:21:58,4.4,35.1968,25.3649
2021-09-27 13:23:13,4.3,35.2904,25.2835
2021-09-27 13:34:22,4.4,35.1992,25.3342
2021-09-27 14:02:25,4.8,35.0447,25.2053
2021-09-27 17:22:48,4.4,35.1677,25.188
2021-09-27 17:49:27,4.2,34.9873,25.1391
2021-09-27 18:04:01,4.1,36.3523,27.2673
2021-09-27 19:15:31,4.4,35.1391,25.1837
2021-09-27 23:10:01,4.7,35.1951,25.2253
2021-09-28 00:37:11,4.3,35.2314,25.3177
2021-09-28 07:48:08,5.3,35.0817,25.2018
2021-09-28 09:01:05,4.2,36.4251,28.4345
2021-09-28 11:58:23,4.3,34.4735,45.5293
2021-09-28 14:46:12,4.3,34.5294,45.3747
2021-09-28 18:11:47,4.3,30.4798,69.9279
2021-09-28 18:13:16,4.7,35.2054,25.2791
2021-09-28 19:52:44,4.3,27.5144,52.6885
2021-09-29 06:33:58,4.2,33.7644,89.5296
2021-09-29 10:46:11,4.5,41.0856,73.2421
2021-09-29 14:54:48,4.6,35.0268,25.1561
2021-09-29 15:41:27,4.5,40.0282,71.706
2021-09-30 01:22:17,4.6,36.4896,27.1703
2021-09-30 01:22:59,4.5,36.5029,27.1495
2021-09-30 02:27:39,4.3,36.4671,27.1622
2021-09-30 13:36:37,4.5,36.3856,71.2316
2021-09-30 16:04:13,4.8,36.6494,71.0771
2021-09-30 20:13:03,4.2,37.3893,71.4796
2021-10-01 04:15:21,4.9,29.8002,50.4937
2021-10-01 05:33:21,4.6,29.8075,50.5453
2021-10-01 06:49:28,5.0,30.3214,94.8247
2021-10-01 07:57:33,4.4,25.4614,95.3035
2021-10-01 10:09:27,4.5,27.694,86.111
2021-10-01 16:02:01,4.5,30.3464,94.7981
2021-10-02 07:45:25,4.8,30.351,94.8618
2021-10-02 08:36:42,4.1,30.3949,94.5447
2021-10-02 10:45:36,4.0,35.2165,27.7464
2021-10-02 16:21:50,4.4,29.652,104.8433
2021-10-02 21:31:07,4.2,34.9377,25.065
2021-10-03 01:01:42,4.2,24.9285,96.3949
2021-10-03 09:19:57,4.6,38.0692,73.0921
2021-10-03 10:15:10,4.3,37.528,30.3663
2021-10-03 17:31:27,4.6,35.1442,25.2375
2021-10-03 21:44:01,4.4,32.7632,92.9442
2021-10-04 05:39:28,5.5,32.335,49.7618
2021-10-04 06:24:23,4.8,30.3231,94.8038
2021-10-04 07:48:00,3.9,30.3929,94.6529
2021-10-04 17:03:23,4.4,36.4451,27.1903
2021-10-04 19:10:25,4.4,38.2604,74.1028
2021-10-05 00:45:30,4.4,36.9747,69.996
2021-10-05 03:20:10,4.4,36.479,71.3025
2021-10-05 05:05:52,4.3,39.2797,20.6114
2021-10-05 05:38:20,4.7,30.3349,94.7625
2021-10-05 08:39:25,4.1,46.0321,7.4204
2021-10-05 10:54:08,4.2,36.3625,27.1864
2021-10-05 10:59:57,5.1,36.8392,66.6469
2021-10-06 02:27:58,4.4,30.367,94.804
2021-10-06 22:57:33,4.9,43.6811,16.8584
2021-10-07 01:01:08,5.9,30.1933,67.9948
2021-10-07 03:00:57,4.6,30.0779,68.0339
2021-10-07 05:22:39,4.2,39.3829,20.7016
2021-10-07 16:16:25,4.6,44.4302,92.7117
2021-10-07 20:31:14,4.4,32.2998,49.7087
2021-10-07 21:28:03,5.5,22.3124,94.7676
2021-10-09 02:16:26,5.1,32.3379,49.7282
2021-10-09 02:53:31,4.3,35.6088,82.4066
2021-10-09 05:45:25,4.5,41.9976,83.9155
2021-10-09 08:36:53,4.9,30.3972,94.8221
2021-10-09 09:05:32,4.9,32.3765,49.7486
2021-10-09 12:15:08,4.1,34.5282,23.3468
2021-10-09 23:37:39,4.2,32.3323,59.1266
2021-10-10 04:48:54,4.7,30.4182,94.8392
2021-10-10 14:39:34,4.3,36.5138,70.8503
2021-10-10 18:02:41,4.5,30.0547,67.9369
2021-10-10 18:44:31,4.4,38.6105,43.1477
2021-10-10 19:11:25,4.7,27.4482,55.2274
2021-10-10 19:29:40,4.7,30.3872,94.7873
2021-10-11 00:52:04,4.5,32.29,49.6449
2021-10-11 15:50:35,4.3,34.003,25.8716
2021-10-11 16:13:08,4.2,37.1971,56.5032
2021-10-11 17:43:20,4.4,34.1319,26.0136
2021-10-11 19:24:38,4.3,17.1543,77.0051
2021-10-12 03:31:54,4.6,30.405,94.6879
2021-10-12 12:24:05,6.4,35.1691,26.2152
2021-10-12 12:36:26,4.4,34.8373,26.3556
2021-10-13 09:02:40,4.4,41.9076,83.6657
2021-10-13 21:22:51,4.4,36.063,21.7265
2021-10-14 03:04:19,4.3,33.8069,91.9404
2021-10-14 04:17:42,4.1,32.2652,48.7062
2021-10-15 12:15:40,4.2,35.3078,25.3394
2021-10-15 13:35:42,4.1,28.9582,87.6528
2021-10-16 02:25:42,4.2,34.8736,26.3494
2021-10-16 04:46:25,4.0,24.3171,93.8462
2021-10-16 07:01:44,4.3,51.5507,16.1918
2021-10-16 14:46:02,4.8,30.9874,56.4161
2021-10-17 15:20:53,4.1,51.6531,16.1917
2021-10-17 23:11:58,4.4,36.1384,70.7219
2021-10-17 23:13:31,4.4,41.7893,19.6551
2021-10-18 00:03:12,4.1,38.0465,74.4981
2021-10-18 00:56:32,4.3,29.9492,68.2934
2021-10-18 03:37:01,4.6,29.2518,104.1048
2021-10-18 07:37:31,4.4,50.8274,93.9953
2021-10-18 10:21:22,4.3,37.7497,72.259
2021-10-18 11:01:37,4.3,27.901,85.8004
2021-10-18 11:11:56,4.2,27.8507,85.7193
2021-10-18 13:32:14,4.7,28.7052,87.2852
2021-10-18 15:54:18,4.3,42.9218,13.1128
2021-10-19 03:44:09,4.8,22.5257,92.7906
2021-10-19 08:32:32,5.9,34.576,28.3953
2021-10-19 20:43:31,4.0,37.0419,-5.2649
2021-10-20 05:44:05,4.4,35.0575,25.2573
2021-10-20 07:45:41,4.8,43.2461,45.5714
2021-10-20 12:31:36,4.3,36.3213,69.808
2021-10-20 17:59:06,4.2,38.6719,43.0894
2021-10-20 18:05:47,4.4,38.6076,43.3512
2021-10-21 03:12:24,4.6,43.8144,84.2395
2021-10-21 09:05:10,4.9,27.6655,58.3738
2021-10-21 11:04:33,4.4,35.0956,25.2019
2021-10-21 11:12:57,4.8,35.2352,25.2419
2021-10-21 11:44:48,4.5,35.1275,25.1433
2021-10-21 12:38:38,4.7,35.0318,25.1608
2021-10-21 14:18:09,4.0,35.0866,25.1286
2021-10-21 20:46:06,4.2,38.1734,72.9929
2021-10-22 07:14:28,4.2,36.1878,70.9024
2021-10-22 13:11:30,4.5,35.0712,25.1952
2021-10-22 20:12:50,4.3,35.1159,25.2907
2021-10-23 02:03:01,5.0,51.4199,91.8033
2021-10-23 04:17:20,4.1,38.8151,20.5569
2021-10-23 17:16:02,4.2,51.152,97.9311
2021-10-23 22:54:01,4.2,35.3958,-3.4733
2021-10-24 08:59:14,4.1,35.6507,74.504
2021-10-24 20:04:46,4.1,41.105,44.0514
2021-10-25 17:05:33,4.0,36.4917,70.2839
2021-10-25 17:47:20,4.4,36.9327,66.6992
2021-10-26 03:32:08,4.6,33.2123,76.8049
2021-10-26 05:00:59,4.7,30.0278,104.2041
2021-10-26 20:47:02,4.7,42.4268,84.046
2021-10-26 22:45:24,4.1,34.9854,23.2668
2021-10-27 13:21:40,4.2,38.1898,72.7715
2021-10-28 00:38:28,4.0,38.5818,31.6373
2021-10-28 18:26:26,4.2,36.6045,71.3255
2021-10-29 07:32:12,4.2,44.2064,-7.6942
2021-10-29 09:10:34,4.7,41.5207,20.3353
2021-10-29 13:23:28,4.2,41.5557,20.271
2021-10-29 13:53:08,4.1,43.8485,12.9676
2021-10-29 22:03:29,4.3,19.5799,101.3424
2021-10-30 04:38:09,4.1,35.1133,25.194
2021-10-30 16:09:23,4.3,28.2806,65.7619
2021-10-30 19:29:09,4.2,33.2438,76.7582
2021-10-31 06:04:55,4.6,19.5449,101.2571
2021-10-31 08:28:47,4.2,36.4812,71.1601
2021-10-31 10:49:12,4.3,27.4853,52.5486
2021-10-31 23:40:04,4.3,34.9629,25.1876
2021-11-01 16:48:41,4.6,40.3285,77.3144
2021-11-01 18:36:54,4.4,38.3353,74.0881
2021-11-02 07:01:11,4.6,33.5483,84.6179
2021-11-02 12:14:49,4.1,34.9928,26.2579
2021-11-02 16:29:31,4.8,26.6453,96.7986
2021-11-03 02:25:46,3.9,43.9764,20.8848
2021-11-03 07:29:45,4.3,37.0738,71.2002
2021-11-03 18:09:45,4.2,35.4949,23.053
2021-11-04 07:49:04,4.4,26.7969,92.5824
2021-11-04 12:45:40,4.9,24.2251,68.4329
2021-11-04 23:46:13,4.4,54.7114,78.1483
2021-11-05 04:48:32,5.0,28.8267,87.4455
2021-11-05 07:28:12,4.2,34.3671,26.6222
2021-11-06 13:40:55,4.3,35.2571,27.2162
2021-11-06 16:09:16,4.3,24.1594,94.7771
2021-11-07 08:03:02,4.2,35.8697,70.7367
2021-11-07 19:20:46,4.6,27.271,88.7826
2021-11-08 05:18:33,4.5,24.7068,95.1714
2021-11-08 20:43:21,5.1,37.8434,32.1713
2021-11-08 22:35:28,4.4,38.0934,93.7742
2021-11-09 02:38:09,4.3,37.8971,32.1059
2021-11-09 07:17:23,4.2,25.3783,94.9456
2021-11-09 12:12:27,4.2,36.3895,22.9849
2021-11-09 13:57:27,4.6,31.9939,78.5517
2021-11-09 17:25:42,4.4,36.6409,71.1487
2021-11-10 09:14:32,4.1,36.7565,71.4232
2021-11-10 09:46:50,4.0,36.4703,70.3913
2021-11-10 11:39:52,4.3,29.6678,104.8251
2021-11-11 11:24:28,4.3,33.6951,48.8223
2021-11-11 16:06:44,4.5,37.5069,77.5353
2021-11-12 00:42:30,4.4,32.2746,49.3612
2021-11-12 06:39:54,4.3,24.6025,62.3405
2021-11-12 06:45:58,4.3,35.299,23.1885
2021-11-12 12:19:15,4.8,38.1991,38.7832
2021-11-12 18:08:26,4.6,41.4333,20.1996
2021-11-12 20:48:17,4.3,25.4248,96.6407
2021-11-13 04:43:45,4.0,28.0568,52.2321
2021-11-13 13:19:48,4.3,28.0751,52.2074
2021-11-13 23:52:21,4.6,28.4267,54.084
2021-11-14 00:42:04,4.7,32.202,68.7997
2021-11-14 06:48:36,4.1,46.2751,53.2908
2021-11-14 15:07:03,6.0,27.7158,56.0743
2021-11-14 15:08:38,6.4,27.7266,56.0716
2021-11-14 15:23:46,4.4,27.5823,56.0395
2021-11-14 15:40:51,4.4,27.6758,56.0278
2021-11-14 15:52:37,4.2,27.528,56.2921
2021-11-14 16:01:10,4.4,27.6797,56.0652
2021-11-14 16:05:49,4.4,27.7261,56.204
2021-11-14 16:13:43,4.5,27.6145,56.1613
2021-11-14 16:45:00,4.1,27.5187,56.2302
2021-11-14 16:51:41,4.0,27.7176,56.2945
2021-11-14 17:02:56,4.8,27.7003,55.9879
2021-11-14 17:24:13,4.2,27.6548,56.2813
2021-11-14 17:39:33,4.4,27.6456,56.3559
2021-11-14 17:47:43,4.4,32.4433,48.7095
2021-11-14 18:12:07,4.5,27.6574,56.1168
2021-11-14 18:22:18,4.6,27.6415,56.0867
2021-11-14 18:59:11,4.4,27.6388,55.9951
2021-11-14 19:10:07,4.1,27.4901,56.2629
2021-11-14 19:19:57,4.7,27.6406,56.1044
2021-11-15 00:33:34,4.3,27.7176,56.2546
2021-11-15 01:48:54,4.5,27.6268,56.0383
2021-11-15 04:21:44,4.0,32.621,90.3621
2021-11-15 05:02:36,4.6,27.6625,56.0431
2021-11-15 05:53:43,4.2,27.6366,56.0484
2021-11-15 06:04:38,4.2,27.6686,55.9639
2021-11-15 06:14:35,4.2,27.5018,56.0706
2021-11-15 16:36:11,5.2,27.7069,56.0307
2021-11-15 19:42:43,4.4,27.6644,56.0463
2021-11-15 21:05:37,4.4,27.6784,56.1235
2021-11-16 02:15:09,4.1,39.5275,93.4839
2021-11-16 04:44:04,3.1,56.1294,-5.6753
2021-11-16 08:12:13,4.5,27.6766,56.0208
2021-11-16 08:22:49,4.7,22.2085,101.7446
2021-11-16 10:54:48,4.6,22.2948,101.7444
2021-11-16 13:37:29,4.1,27.7778,56.0412
2021-11-16 22:27:41,4.3,27.6779,55.9361
2021-11-17 03:52:23,4.2,36.6001,71.0725
2021-11-17 04:59:39,4.3,27.6726,56.1636
2021-11-17 05:51:33,4.0,27.6969,55.9527
2021-11-17 14:17:17,4.3,41.1177,72.9532
2021-11-17 15:40:16,4.8,40.8642,30.9954
2021-11-17 17:53:05,4.3,34.0779,25.8667
2021-11-17 18:36:21,4.9,28.2221,104.803
2021-11-18 02:19:44,4.2,42.4628,15.8428
2021-11-18 04:23:01,4.0,35.4969,-3.6974
2021-11-18 15:42:43,4.2,37.6897,103.0066
2021-11-18 19:10:41,4.4,27.6808,55.9991
2021-11-19 00:04:58,4.3,39.5583,20.5049
2021-11-19 13:39:47,4.2,36.3825,68.3175
2021-11-19 14:10:03,4.2,36.6345,21.3628
2021-11-19 15:40:53,5.1,39.8267,41.9223
2021-11-19 16:27:05,4.8,38.212,20.3652
2021-11-19 21:52:08,4.2,27.7406,56.0937
2021-11-19 23:56:16,4.4,25.1721,72.5323
2021-11-20 09:28:54,4.2,36.2551,69.8673
2021-11-20 10:42:09,4.2,25.9374,91.4838
2021-11-20 14:12:18,4.6,24.637,95.1196
2021-11-20 15:46:06,5.0,40.7299,48.7112
2021-11-20 15:48:18,4.5,40.6354,48.6029
2021-11-20 17:03:46,4.0,32.1077,69.0845
2021-11-20 21:44:25,4.1,27.6863,56.0947
2021-11-21 08:52:19,4.0,39.8389,75.5
2021-11-21 13:51:01,4.6,28.5138,104.8117
2021-11-22 11:31:25,4.7,39.7369,41.8806
2021-11-22 13:49:37,4.5,39.1794,71.5006
2021-11-23 17:06:21,4.1,35.0739,26.96
2021-11-23 19:31:58,4.3,31.3163,77.1736
2021-11-23 19:49:17,4.5,27.73,56.0517
2021-11-24 00:46:26,5.0,28.2034,59.3097
2021-11-24 05:34:16,4.4,38.7257,69.6936
2021-11-26 00:05:07,4.3,38.7297,21.2347
2021-11-26 02:45:41,6.2,22.8232,93.5061
2021-11-26 08:57:39,4.3,27.7213,56.0741
2021-11-27 05:37:45,4.1,36.4955,70.2067
2021-11-27 08:14:09,4.4,34.1,26.1711
2021-11-27 12:47:16,4.4,22.8532,93.4368
2021-11-28 04:32:51,4.6,27.0398,96.3025
2021-11-28 04:38:08,4.7,33.402,58.8122
2021-11-28 05:18:54,4.3,23.5533,94.0667
2021-11-28 05:52:34,4.5,38.6587,14.3447
2021-11-28 19:11:20,4.3,34.3978,45.7435
2021-11-28 20:02:20,4.4,27.0354,96.5311
2021-11-28 20:14:43,4.2,27.706,56.0408
2021-11-28 20:21:20,4.4,24.2296,94.5821
2021-11-29 00:52:45,4.1,34.4478,99.0712
2021-11-29 04:36:35,4.4,34.4017,26.7963
2021-11-29 06:24:36,4.1,36.5215,70.1384
2021-11-29 09:45:57,4.2,41.1634,83.3211
2021-11-29 16:24:26,4.4,22.8125,93.4533
2021-11-30 00:22:06,4.2,20.5401,94.0737
2021-11-30 06:35:30,4.1,28.4298,56.7841
2021-11-30 06:47:47,4.1,27.8245,56.0317
2021-11-30 07:00:40,5.1,37.7371,26.0792
2021-11-30 07:09:14,4.0,37.6558,26.1139
2021-11-30 12:21:23,4.3,40.4491,50.8742
2021-11-30 13:32:24,4.2,37.5993,25.8694
2021-11-30 16:53:41,5.5,31.723,87.9296
2021-11-30 17:20:22,4.4,38.3703,22.2448
2021-11-30 18:04:54,4.4,35.7388,48.7006
2021-11-30 18:06:02,4.7,35.7324,48.7548
2021-11-30 21:02:56,4.2,36.4727,70.7382
2021-12-01 00:39:35,4.7,28.391,104.9714
2021-12-01 01:20:54,4.3,27.173,53.2896
2021-12-01 04:42:32,4.1,27.6346,56.0251
2021-12-01 06:46:11,4.6,38.7062,70.2699
2021-12-01 11:30:49,4.3,31.5121,87.8006
2021-12-02 01:44:13,4.4,38.5721,14.973
2021-12-02 03:01:25,4.1,38.7458,70.1942
2021-12-02 03:06:06,4.3,38.7258,70.22
2021-12-02 15:08:59,4.1,37.8976,26.0127
2021-12-02 19:39:51,4.1,36.4846,71.1951
2021-12-02 20:57:08,4.0,36.2637,68.4836
2021-12-03 02:22:57,4.1,43.106,47.1108
2021-12-03 05:38:28,4.3,41.7072,82.4546
2021-12-03 12:51:56,4.0,38.1403,72.7194
2021-12-03 16:10:50,4.3,36.5787,71.2851
2021-12-03 22:33:33,4.4,37.0376,21.4792
2021-12-04 16:01:09,4.3,38.5296,25.995
2021-12-04 21:09:35,4.0,36.4917,70.1915
2021-12-05 04:43:09,4.3,37.1424,89.449
2021-12-05 04:48:06,4.4,37.1614,89.2743
2021-12-05 20:42:14,4.3,36.6853,71.3856
2021-12-06 00:46:49,4.9,38.8916,43.4846
2021-12-06 03:25:39,5.0,23.4414,96.1089
2021-12-06 09:26:53,4.8,34.1638,100.4546
2021-12-06 13:49:12,4.1,36.6529,71.4082
2021-12-07 10:24:40,4.0,36.6747,71.401
2021-12-07 18:22:29,4.4,38.1001,72.7247
2021-12-08 02:07:18,4.1,27.7371,56.1076
2021-12-08 07:23:25,4.2,28.8093,87.5826
2021-12-08 10:49:49,4.5,39.0623,20.6514
2021-12-08 19:46:35,4.9,43.7919,101.9152
2021-12-08 20:16:02,3.9,24.9902,67.5668
2021-12-09 20:31:19,4.3,34.9148,23.2632
2021-12-10 00:37:33,4.0,51.477,16.1512
2021-12-10 06:24:13,4.1,38.1832,71.4865
2021-12-10 07:14:54,4.2,25.5067,95.4612
2021-12-10 20:33:31,4.6,27.6582,56.1216
2021-12-11 16:43:43,4.3,27.889,66.1589
2021-12-11 18:30:59,4.2,27.6367,66.0912
2021-12-11 21:56:06,4.8,30.8043,56.8578
2021-12-11 23:38:33,4.0,36.5179,69.7473
2021-12-12 02:38:32,4.2,34.9192,72.1372
2021-12-12 03:27:01,4.2,25.4558,67.8352
2021-12-12 15:08:25,4.5,23.6643,94.7467
2021-12-12 16:26:13,4.1,29.7501,69.9288
2021-12-14 05:00:29,4.0,36.2602,70.0532
2021-12-14 12:12:52,4.3,29.7974,51.1265
2021-12-14 18:34:53,4.4,27.6688,56.0484
2021-12-15 00:23:02,4.9,32.3119,49.6937
2021-12-15 01:17:14,4.8,37.5281,69.9415
2021-12-15 03:48:17,4.5,38.3014,22.1192
2021-12-15 03:55:12,4.0,27.6327,56.2227
2021-12-15 06:43:28,4.3,34.2646,26.4859
2021-12-15 11:21:09,5.0,32.3102,49.693
2021-12-16 17:07:13,4.4,38.4155,74.2465
2021-12-16 23:13:20,4.5,23.1346,93.8775
2021-12-17 04:51:47,4.5,34.3557,82.8305
2021-12-17 09:54:37,4.7,43.4707,88.8194
2021-12-17 12:28:33,4.1,40.5072,34.1769
2021-12-18 02:28:02,4.4,37.8054,20.9944
2021-12-18 02:39:44,4.1,37.2698,71.967
2021-12-18 03:29:25,4.0,28.5625,87.5592
2021-12-18 08:16:39,5.0,36.0912,23.2437
2021-12-18 08:42:43,4.7,40.13,70.0231
2021-12-18 13:34:47,4.5,45.6559,9.5873
2021-12-18 22:40:33,4.0,25.5047,60.8744
2021-12-19 02:54:27,5.4,38.9211,92.619
2021-12-19 10:23:45,4.1,34.5574,26.6257
2021-12-20 00:06:15,5.5,19.5613,101.3109
2021-12-20 01:52:52,4.0,38.3132,21.689
2021-12-20 11:13:40,4.1,36.3532,69.4107
2021-12-20 12:01:41,3.7,38.9863,71.2718
2021-12-20 23:35:32,4.4,36.0988,70.9302
2021-12-21 05:18:37,4.4,31.9167,101.2112
2021-12-21 08:04:14,4.5,27.6752,96.9853
2021-12-21 19:36:12,4.6,27.6775,56.114
2021-12-23 00:17:24,4.7,45.8435,96.5436
2021-12-23 04:54:26,4.8,35.1559,-3.896
2021-12-23 16:02:54,4.4,34.0215,70.4751
2021-12-24 00:33:44,4.3,37.3584,15.0589
2021-12-24 03:48:51,4.7,46.8132,93.0683
2021-12-24 04:17:13,4.3,39.7507,20.5982
2021-12-24 04:55:39,4.4,38.7153,20.7278
2021-12-24 05:26:40,4.0,38.7404,43.401
2021-12-24 10:00:00,4.4,36.646,70.9849
2021-12-24 10:58:31,4.4,26.2159,102.3207
2021-12-24 14:41:48,4.2,39.8302,22.1856
2021-12-24 15:47:30,4.2,18.4813,96.2729
2021-12-24 16:43:22,5.7,22.3699,101.6708
2021-12-24 17:02:29,4.7,22.3326,101.6843
2021-12-24 20:58:56,4.5,34.6134,73.1273
2021-12-24 21:59:34,4.2,22.5247,101.6206
2021-12-25 00:39:37,4.1,29.7481,51.1246
2021-12-25 02:59:55,4.1,47.3748,6.8239
2021-12-25 06:49:51,4.0,41.1578,50.3459
2021-12-25 09:39:01,4.7,30.314,67.4107
2021-12-25 15:19:42,4.3,36.5925,27.0733
2021-12-26 10:38:16,4.1,40.0385,83.0475
2021-12-26 18:15:11,5.1,35.1452,26.8939
2021-12-26 19:13:53,4.5,38.1488,23.2005
2021-12-26 21:59:02,5.6,35.1923,26.9659
2021-12-26 22:01:24,4.7,35.056,26.9226
2021-12-27 01:02:21,4.4,35.102,26.9943
2021-12-27 10:31:55,4.8,27.711,56.2104
2021-12-27 16:31:04,5.2,35.5592,74.8205
2021-12-27 16:37:24,4.8,35.6073,74.9802
2021-12-27 17:57:52,4.2,35.0774,25.1491
2021-12-27 21:52:46,4.4,36.6104,71.0497
2021-12-27 22:40:58,4.4,35.5564,74.8743
2021-12-27 23:13:18,4.7,22.9337,94.1653
2021-12-28 07:09:33,4.3,22.3622,101.701
2021-12-28 07:37:03,4.4,22.2112,101.7346
2021-12-28 15:31:47,4.1,36.419,70.7233
2021-12-28 16:16:30,4.2,36.3998,70.6265
2021-12-28 22:25:15,4.3,36.7381,6.8615
2021-12-29 00:57:46,3.2,40.6005,23.1077
2021-12-29 07:55:19,4.4,29.8879,69.8504
2021-12-29 08:08:09,5.7,34.8334,25.1386
2021-12-29 12:15:40,4.3,41.8724,48.6217
2021-12-29 19:47:08,5.0,34.713,25.1184
2021-12-29 22:08:19,4.5,29.9056,80.3449
2021-12-30 00:30:22,5.0,36.9982,94.6585
2021-12-30 02:06:38,4.3,35.0433,25.1384
2021-12-30 04:15:30,4.1,28.0725,56.6978
2021-12-30 15:24:43,4.1,35.5329,74.9167
2021-12-30 18:28:19,4.3,35.3652,-3.7794
2021-12-31 00:55:02,4.1,35.1863,23.6359
2021-12-31 10:56:48,4.6,36.6252,71.1823
2021-12-31 17:53:02,4.7,22.2399,101.7118
2022-01-01 00:54:32,4.1,37.4846,72.2407
2022-01-01 01:32:17,4.3,36.5922,21.4233
2022-01-01 05:17:56,4.2,38.7251,73.4827
2022-01-01 16:15:25,5.2,36.59,71.1783
2022-01-02 00:03:48,4.3,36.3199,-7.6651
2022-01-02 10:02:13,5.4,27.7998,100.7176
2022-01-02 11:59:59,4.2,36.5701,71.3585
2022-01-02 13:57:56,4.3,37.1136,20.9688
2022-01-03 03:28:04,4.5,33.9519,88.3531
2022-01-04 07:45:02,4.9,43.4249,82.2728
2022-01-04 20:15:52,4.3,33.0339,76.074
2022-01-04 20:35:41,4.4,44.154,82.1125
2022-01-05 04:09:37,4.3,34.4811,45.6028
2022-01-05 06:21:16,5.1,36.1445,31.2928
2022-01-05 12:52:52,4.7,27.8527,100.5876
2022-01-06 17:46:09,4.2,26.8706,89.2113
2022-01-06 21:29:13,4.4,27.8305,82.8074
2022-01-07 00:28:36,4.1,37.5127,72.2934
2022-01-07 20:08:42,4.4,28.487,104.8185
2022-01-07 20:45:30,6.6,37.8283,101.29
2022-01-07 20:55:20,5.2,37.811,101.1631
2022-01-07 21:09:06,5.1,37.7592,101.1086
2022-01-07 23:18:39,4.1,37.8014,101.5655
2022-01-07 23:45:24,4.2,37.8723,101.1333
2022-01-08 09:30:07,4.5,37.7706,101.3456
2022-01-08 15:08:07,4.5,34.3335,24.2913
2022-01-08 22:56:19,4.7,38.6317,73.7473
2022-01-10 00:43:47,5.5,40.8272,21.3919
2022-01-10 00:53:20,4.6,40.9153,21.4015
2022-01-10 01:18:08,4.2,37.8592,101.151
2022-01-10 01:21:04,4.0,40.9283,21.382
2022-01-10 02:38:26,4.3,40.8466,21.4066
2022-01-10 18:59:03,4.5,37.4051,20.3878
2022-01-10 20:46:44,4.2,28.2228,57.0811
2022-01-10 20:58:36,4.0,29.6652,51.1191
2022-01-10 21:07:36,4.2,29.7699,50.9831
2022-01-10 21:29:47,4.5,35.5272,44.9269
2022-01-10 23:11:16,4.6,35.4789,44.9228
2022-01-11 03:52:52,4.4,40.9196,21.4384
2022-01-11 04:07:48,6.6,35.2267,31.9435
2022-01-11 18:14:30,4.7,40.8528,21.4046
2022-01-11 20:44:09,4.5,40.8703,21.4565
2022-01-12 00:06:57,4.4,37.7753,101.243
2022-01-12 00:21:56,4.7,25.4644,62.4473
2022-01-12 08:26:44,4.9,36.474,70.5248
2022-01-12 09:17:33,4.6,23.1568,94.6845
2022-01-12 13:20:43,5.1,37.6825,101.4046
2022-01-12 15:16:19,4.9,37.7788,101.3498
2022-01-12 16:01:55,5.0,37.7163,101.4294
2022-01-12 19:18:02,4.3,37.8337,101.5694
2022-01-12 23:46:57,4.5,25.22,94.1077
2022-01-13 01:54:24,4.4,37.6769,25.983
2022-01-13 06:13:54,4.1,28.8094,87.6854
2022-01-13 15:03:34,4.1,37.4645,21.8802
2022-01-13 15:14:02,4.3,51.54,16.2356
2022-01-13 15:24:01,4.3,38.9682,69.9204
2022-01-13 16:32:46,4.5,34.6373,97.9393
2022-01-13 20:36:52,4.1,36.4719,70.2604
2022-01-13 22:03:30,4.1,25.0326,95.0765
2022-01-14 11:29:05,4.2,24.3313,94.6403
2022-01-14 19:13:03,5.3,36.5418,71.4945
2022-01-14 22:09:54,4.3,36.4859,70.5044
2022-01-15 00:37:56,4.3,42.0442,20.0645
2022-01-15 08:57:57,4.2,36.5064,70.9073
2022-01-15 14:19:44,4.6,27.1302,100.2948
2022-01-15 14:22:09,4.3,36.6171,71.4625
2022-01-15 15:25:22,4.4,29.1072,50.3238
2022-01-15 16:03:05,4.2,37.907,44.6724
2022-01-15 16:35:33,4.7,30.4586,57.3407
2022-01-16 05:49:21,4.8,29.194,50.3094
2022-01-16 06:25:07,4.4,39.2027,46.7036
2022-01-16 07:25:31,4.6,29.1548,50.2316
2022-01-16 13:50:58,4.2,23.8937,94.5597
2022-01-16 14:48:05,5.5,40.0413,24.361
2022-01-16 15:26:18,4.6,40.0849,24.3424
2022-01-16 16:36:57,4.0,40.1069,24.3926
2022-01-16 16:43:14,4.3,45.7065,26.587
2022-01-16 21:29:27,4.2,40.0425,24.34
2022-01-17 00:09:22,4.6,25.2468,93.8695
2022-01-17 01:16:17,4.2,36.261,28.8712
2022-01-17 01:32:01,4.4,40.1249,24.4732
2022-01-17 12:35:57,4.9,34.9362,63.6666
2022-01-17 14:40:06,5.3,34.9289,63.6208
2022-01-17 15:47:16,4.3,35.3274,25.1832
2022-01-17 18:04:45,5.0,44.7951,95.096
2022-01-18 01:28:14,4.1,35.0569,26.994
2022-01-18 01:59:23,5.1,29.2819,94.1513
2022-01-18 02:28:57,4.9,39.0484,35.9156
2022-01-18 03:30:14,4.3,33.5946,72.5708
2022-01-18 05:22:15,4.5,24.0361,93.5196
2022-01-18 16:45:15,4.6,26.7104,-14.3502
2022-01-19 01:46:21,4.4,36.133,71.1441
2022-01-19 03:19:44,4.4,31.8613,92.9243
2022-01-19 09:05:37,4.5,30.5469,50.5909
2022-01-19 09:23:57,4.2,36.6984,67.9575
2022-01-20 04:37:18,4.8,34.2067,51.786
2022-01-20 08:55:21,4.5,36.5511,70.925
2022-01-20 12:19:58,4.4,38.8121,16.0609
2022-01-21 13:12:31,5.4,23.0871,93.8172
2022-01-21 15:49:42,4.3,28.071,52.1299
2022-01-21 16:32:28,4.4,28.1076,52.1553
2022-01-21 19:07:27,4.3,43.2438,47.9292
2022-01-22 00:23:38,4.1,33.2225,75.9072
2022-01-22 05:32:56,4.5,39.5734,24.2602
2022-01-22 11:46:23,4.2,17.562,84.9267
2022-01-22 15:57:20,4.2,38.6898,20.411
2022-01-22 20:22:18,4.1,23.1302,94.2434
2022-01-22 22:31:42,4.6,39.5763,28.8232
2022-01-23 00:36:54,4.1,32.6069,35.494
2022-01-23 00:54:27,4.1,27.5807,55.689
2022-01-23 03:45:20,4.7,34.5687,26.3018
2022-01-23 05:21:19,5.6,38.4613,97.3425
2022-01-23 06:58:52,4.2,38.468,97.234
2022-01-23 07:30:52,4.0,38.117,46.2166
2022-01-23 13:28:07,3.7,32.6567,35.4637
2022-01-23 18:52:50,4.4,25.0405,96.1665
2022-01-24 04:20:50,5.0,36.0702,69.1575
2022-01-24 05:48:04,3.9,38.0281,46.3193
2022-01-24 10:11:38,4.2,33.2582,-4.2807
2022-01-24 22:38:59,4.0,29.9803,80.3548
2022-01-25 04:41:47,4.2,38.9638,69.7782
2022-01-25 05:32:33,4.0,33.7922,82.0597
2022-01-26 22:15:27,4.3,37.8607,101.0925
2022-01-27 17:44:08,3.9,42.5729,-9.361
2022-01-27 20:26:40,4.1,36.5388,70.9321
2022-01-27 21:32:53,4.4,42.058,81.2533
2022-01-28 06:57:47,4.9,35.0789,31.9346
2022-01-28 19:49:10,4.4,36.1005,70.4209
2022-01-29 08:18:39,4.3,28.398,104.9691
2022-01-29 09:40:34,4.1,35.6406,75.0156
2022-01-30 11:48:00,4.2,36.959,71.0291
2022-01-31 02:47:45,4.2,29.6987,50.3717
2022-01-31 03:49:57,4.7,39.1928,40.1586
2022-01-31 09:07:00,4.6,39.0635,40.0681
2022-01-31 12:30:36,4.5,37.9265,32.098
2022-01-31 17:37:17,4.4,57.0047,1.8146
2022-01-31 20:03:53,4.1,29.5941,68.9004
2022-02-01 01:01:27,4.6,31.9193,104.3384
2022-02-01 05:02:59,4.0,42.4715,1.3526
2022-02-01 12:01:18,4.3,29.3644,31.5521
2022-02-01 19:45:10,4.5,38.606,73.2912
2022-02-02 02:13:12,4.6,33.3086,95.0293
2022-02-02 05:49:21,4.8,29.6736,51.7369
2022-02-02 21:26:31,4.1,37.8674,101.4533
2022-02-03 00:03:48,5.3,35.0634,31.8203
2022-02-03 19:29:54,4.8,35.8923,65.3793
2022-02-03 22:31:29,4.9,36.5399,70.4391
2022-02-05 07:16:01,5.8,36.4307,71.126
2022-02-05 08:19:01,4.3,51.5958,16.059
2022-02-05 08:34:19,4.1,27.7125,53.3455
2022-02-05 21:16:42,4.2,36.6024,71.6299
2022-02-05 22:36:08,4.3,37.4182,20.3719
2022-02-06 04:36:38,4.3,43.7664,10.2641
2022-02-06 05:46:38,4.0,36.5184,70.9294
2022-02-06 08:57:32,4.2,31.5122,78.0555
2022-02-06 13:40:12,4.4,36.9207,71.455
2022-02-06 15:07:52,4.2,40.5313,28.9725
2022-02-06 19:37:10,4.2,37.2641,20.4997
2022-02-06 20:29:15,4.4,31.0285,96.1288
2022-02-07 16:56:12,4.2,40.1504,48.8627
2022-02-07 22:34:29,4.2,50.2467,19.0817
2022-02-08 00:37:39,4.0,32.9589,84.6249
2022-02-08 18:18:00,4.2,35.5318,-3.6604
2022-02-09 15:26:21,4.4,43.34,45.2843
2022-02-09 21:55:12,4.2,44.8177,10.7571
2022-02-09 23:00:56,4.6,44.7809,10.7829
2022-02-10 10:14:41,4.0,37.0637,71.2637
2022-02-10 10:36:42,4.2,26.0465,100.0667
2022-02-10 11:45:02,4.3,39.7669,73.0306
2022-02-10 15:38:10,4.1,36.3685,22.094
2022-02-10 17:17:55,4.1,44.6769,18.5078
2022-02-10 17:58:30,4.0,38.1978,48.2482
2022-02-11 10:53:16,4.1,36.3658,-8.8696
2022-02-11 19:18:08,4.1,36.9648,27.641
2022-02-11 22:16:50,4.8,26.0883,96.4951
2022-02-12 13:50:23,4.2,36.3882,71.2769
2022-02-12 21:04:49,4.6,35.4588,70.5963
2022-02-13 21:25:56,5.3,41.1598,44.01
2022-02-14 19:44:33,4.4,42.3639,80.2851
2022-02-15 05:05:44,4.1,41.2176,83.2966
2022-02-15 08:01:48,4.9,51.2349,93.23
2022-02-15 14:32:39,4.2,43.6423,83.9117
2022-02-15 19:24:57,4.6,38.327,22.1427
2022-02-16 03:49:28,4.3,27.3279,55.5554
2022-02-16 05:09:03,4.3,27.5803,56.1635
2022-02-16 07:39:18,4.1,27.3465,55.6258
2022-02-16 08:38:15,4.4,36.2366,73.2176
2022-02-16 20:38:27,4.3,38.9798,20.5947
2022-02-17 00:21:11,4.3,38.9421,20.577
2022-02-17 04:48:48,4.4,38.9622,20.5678
2022-02-17 12:14:38,4.4,36.9881,71.2421
2022-02-18 00:12:17,4.7,38.8385,90.4969
2022-02-18 16:58:35,4.4,38.9505,21.1077
2022-02-19 06:32:14,4.1,37.3132,71.9459
2022-02-20 02:03:43,4.2,34.5993,73.2217
2022-02-20 09:50:57,4.1,28.5112,51.5435
2022-02-20 12:37:25,4.3,36.5001,70.1123
2022-02-20 14:04:15,4.2,37.0376,71.9409
2022-02-20 14:27:00,4.3,36.4782,70.6836
2022-02-20 15:45:27,4.3,32.6877,46.1011
2022-02-20 23:20:11,4.4,40.769,27.404
2022-02-21 02:09:50,4.5,30.7466,96.1421
2022-02-21 08:47:49,4.2,36.6922,71.4306
2022-02-21 18:23:43,4.6,22.6801,93.3976
2022-02-21 19:24:33,4.0,36.538,70.8793
2022-02-21 23:27:44,4.2,36.4875,70.2034
2022-02-22 01:46:00,4.6,34.574,98.9663
2022-02-22 01:59:27,3.2,52.5453,-1.9279
2022-02-22 06:05:23,4.4,35.6023,75.0229
2022-02-22 17:59:30,4.0,36.1973,68.6023
2022-02-22 22:55:42,4.6,27.6007,56.3352
2022-02-23 07:28:24,4.2,31.4596,77.8709
2022-02-24 06:30:18,4.2,27.7333,56.19
2022-02-24 12:51:34,4.1,41.1904,34.3678
2022-02-25 00:54:05,4.0,37.2923,15.8837
2022-02-25 01:59:12,4.0,39.6898,22.1352
2022-02-25 03:11:56,4.5,36.4695,70.4004
2022-02-25 05:29:04,3.0,44.0449,16.1759
2022-02-25 10:29:03,3.6,32.3654,76.3939
2022-02-26 08:50:45,4.2,36.071,71.0861
2022-02-27 08:04:25,4.3,35.5067,26.3136
2022-02-27 22:52:16,4.8,41.9275,88.1626
2022-02-28 10:54:41,4.2,21.9422,95.541
2022-02-28 22:54:09,4.4,39.3126,79.3194
2022-03-01 13:34:36,4.2,41.5206,46.7115
2022-03-02 03:18:48,4.8,35.8038,95.7805
2022-03-02 06:06:58,4.6,28.2601,57.5922
2022-03-02 12:58:27,5.2,35.5378,69.7845
2022-03-02 19:57:48,4.2,35.1012,25.2262
2022-03-02 22:55:59,3.0,43.6332,39.4532
2022-03-03 11:19:05,4.1,29.9171,94.9732
2022-03-03 11:47:06,4.4,29.9082,95.0011
2022-03-03 17:13:13,4.8,36.1554,70.573
2022-03-04 07:07:51,4.6,33.636,81.891
2022-03-04 13:46:14,4.4,27.1518,53.2501
2022-03-04 20:55:37,4.4,32.0854,50.2177
2022-03-05 00:17:52,4.3,38.6428,15.675
2022-03-05 17:43:04,4.5,22.3439,101.684
2022-03-07 00:30:58,4.3,36.4567,70.2667
2022-03-07 02:56:18,4.4,51.2913,100.2227
2022-03-07 04:41:34,4.4,40.7761,20.4612
2022-03-07 04:59:08,4.1,35.0934,26.9839
2022-03-07 17:35:28,4.7,37.7286,101.4129
2022-03-07 18:58:38,4.2,36.2025,71.1034
2022-03-08 02:30:29,4.7,27.2012,53.2979
2022-03-08 04:48:07,4.1,50.3661,90.5088
2022-03-08 08:44:44,4.4,50.4066,90.7016
2022-03-08 17:22:15,4.1,36.0746,70.4466
2022-03-09 02:21:38,4.5,27.5532,56.0105
2022-03-09 21:40:36,4.5,37.7998,101.4619
2022-03-10 05:58:34,4.1,36.2465,53.0916
2022-03-10 07:41:55,4.2,28.2742,52.6628
2022-03-10 22:28:51,4.5,35.8865,77.8078
2022-03-11 10:47:40,4.5,34.7316,24.4529
2022-03-11 23:52:18,4.6,37.4076,71.9394
2022-03-12 20:03:22,4.5,45.7171,6.2859
2022-03-13 04:11:03,4.5,22.7307,94.5412
2022-03-13 08:04:27,4.2,34.5734,45.3696
2022-03-13 16:12:34,4.3,37.0643,71.8578
2022-03-13 17:39:34,4.3,37.1373,69.9017
2022-03-14 04:05:25,4.0,36.8988,27.6253
2022-03-14 04:15:46,4.5,42.6548,45.3351
2022-03-14 05:22:35,4.4,20.7666,103.3453
2022-03-14 09:29:44,4.5,40.3332,70.2011
2022-03-14 09:46:59,4.2,35.9455,76.8204
2022-03-14 10:32:09,4.1,45.7572,26.6669
2022-03-14 15:38:19,4.2,38.1754,38.4545
2022-03-15 03:25:52,4.1,23.2811,93.9006
2022-03-15 05:07:05,4.1,37.1836,71.9679
2022-03-15 05:51:06,4.1,29.9999,95.07
2022-03-15 09:36:35,4.4,45.3405,84.9955
2022-03-15 15:25:58,4.7,42.0409,42.7475
2022-03-15 16:11:02,4.2,37.8791,101.2676
2022-03-15 18:43:22,4.1,27.6989,56.5596
2022-03-16 05:20:16,4.6,34.9588,25.2917
2022-03-16 06:41:25,4.1,35.9093,77.9477
2022-03-16 09:10:12,4.3,35.9335,77.9888
2022-03-16 15:02:59,4.1,31.945,66.8343
2022-03-16 16:35:23,5.1,35.5965,74.9251
2022-03-16 19:10:46,4.1,35.7142,75.3139
2022-03-17 02:15:47,5.9,27.0219,54.5843
2022-03-17 02:27:27,4.5,27.026,54.5754
2022-03-17 02:34:41,4.1,26.9646,54.5095
2022-03-17 03:26:03,5.0,38.944,97.586
2022-03-17 05:45:02,4.2,26.8796,54.5923
2022-03-17 05:48:02,4.1,26.971,54.4447
2022-03-17 16:41:18,5.1,35.9998,77.9099
2022-03-17 20:35:00,4.1,35.9368,77.9458
2022-03-18 05:54:09,4.3,30.1073,72.5726
2022-03-18 07:48:30,4.1,36.1905,3.0865
2022-03-18 08:40:18,4.4,24.8691,93.6502
2022-03-18 15:54:05,4.0,37.2502,71.74
2022-03-18 20:37:49,4.3,20.777,38.2049
2022-03-18 22:19:08,4.3,40.2014,103.1055
2022-03-19 08:39:18,4.1,28.2419,5.6452
2022-03-19 09:22:21,4.2,37.593,72.3275
2022-03-19 12:59:30,5.2,36.847,5.1868
2022-03-19 13:40:40,4.2,35.1293,25.328
2022-03-19 15:25:25,4.7,28.2577,55.2753
2022-03-19 15:25:59,4.8,28.2227,55.3094
2022-03-19 16:04:22,4.3,42.1906,68.8978
2022-03-19 21:19:33,4.3,39.7265,20.6544
2022-03-19 21:47:02,4.4,34.4673,46.7939
2022-03-20 07:36:33,4.3,34.389,87.6878
2022-03-20 14:47:16,4.2,35.5595,23.6227
2022-03-20 15:20:49,4.7,30.8499,56.8872
2022-03-20 16:06:56,4.5,35.5881,74.9652
2022-03-21 09:36:03,4.5,24.1944,94.4865
2022-03-21 10:39:44,4.5,36.6193,21.7542
2022-03-21 16:29:09,4.4,37.5002,21.6357
2022-03-21 16:43:56,4.2,35.661,75.0961
2022-03-21 18:20:27,4.4,37.503,72.2188
2022-03-21 19:20:35,4.5,41.9907,70.9103
2022-03-22 08:22:33,4.2,36.4529,71.0645
2022-03-22 11:02:34,4.1,28.3484,57.3409
2022-03-22 14:18:20,4.1,36.0395,23.4478
2022-03-22 17:02:28,4.3,34.6942,23.1571
2022-03-22 17:10:57,4.4,40.0699,28.6157
2022-03-22 17:23:44,4.2,36.1622,70.9778
2022-03-22 18:25:21,4.4,34.575,26.9485
2022-03-22 21:14:34,4.2,36.5693,69.7435
2022-03-22 23:11:39,4.1,35.6142,74.9006
2022-03-23 04:29:17,4.0,35.7092,75.2199
2022-03-23 08:53:18,4.1,38.0267,28.4775
2022-03-23 20:10:33,4.0,41.1617,43.9674
2022-03-23 21:25:04,4.3,38.0393,72.6395
2022-03-25 13:51:33,4.1,24.66,61.5204
2022-03-25 19:21:03,5.7,38.5365,97.2898
2022-03-25 19:28:42,5.0,38.5795,97.3056
2022-03-25 19:33:35,4.6,38.6058,97.3511
2022-03-25 20:05:09,4.5,38.5572,97.2708
2022-03-25 21:50:06,5.0,38.5665,97.2553
2022-03-27 10:54:23,4.2,41.1601,34.126
2022-03-27 20:32:32,4.2,38.3883,23.4815
2022-03-28 08:39:44,4.0,36.0814,31.1221
2022-03-29 00:25:10,4.4,30.0258,103.4933
2022-03-29 04:48:19,4.2,39.0444,13.9997
2022-03-29 04:59:33,4.3,35.9605,77.9296
2022-03-29 15:13:51,4.2,38.8337,21.2267
2022-03-30 03:39:07,4.1,38.3629,22.0743
2022-03-30 05:57:17,4.6,39.2435,71.5177
2022-03-30 06:52:29,4.5,27.1837,103.1723
2022-03-30 13:14:41,4.3,35.9287,78.0076
2022-03-30 15:28:35,4.2,52.2277,92.7935
2022-03-30 21:01:34,4.3,38.5206,14.7334
2022-03-31 04:18:26,4.0,23.1411,94.1874
2022-03-31 07:09:44,4.7,30.5893,49.9703
2022-03-31 10:22:11,4.4,35.5596,74.8138
2022-03-31 11:21:51,4.2,32.688,48.3012
2022-04-01 02:13:07,4.2,41.4193,72.9097
2022-04-01 08:34:05,4.2,37.4062,35.1184
2022-04-02 20:53:47,4.5,36.0451,77.9318
2022-04-03 10:48:16,4.2,37.7902,69.4042
2022-04-03 18:00:03,4.2,36.0018,69.8291
2022-04-04 01:58:41,4.6,36.577,70.9955
2022-04-04 07:39:42,4.6,36.3614,22.0722
2022-04-04 07:41:57,4.2,36.1009,22.0545
2022-04-04 13:59:40,4.6,43.0912,27.5603
2022-04-04 20:43:24,4.1,36.6154,70.9879
2022-04-05 19:18:42,4.4,34.9577,26.7052
2022-04-05 23:29:03,4.1,37.9987,21.9608
2022-04-06 07:54:03,4.2,37.6329,75.9554
2022-04-06 11:17:20,4.2,49.6289,97.5995
2022-04-06 16:07:58,4.1,27.8474,100.5105
2022-04-07 10:09:04,4.3,35.5086,-3.6711
2022-04-07 10:10:04,4.5,37.3015,72.0117
2022-04-07 10:38:56,4.0,38.3493,23.5762
2022-04-07 19:58:46,4.7,51.4991,16.0769
2022-04-08 00:53:49,4.2,34.9394,26.7671
2022-04-08 04:32:01,4.4,36.9459,23.178
2022-04-08 09:20:57,3.6,33.0903,45.9118
2022-04-09 06:55:10,4.3,35.5087,-3.8224
2022-04-09 07:38:25,4.0,27.2747,55.296
2022-04-09 14:22:33,4.3,30.9544,78.2383
2022-04-09 17:02:15,5.3,38.1155,38.6617
2022-04-09 18:10:42,4.6,37.5773,20.8945
2022-04-09 18:13:19,4.6,37.611,21.0569
2022-04-09 21:38:37,4.2,28.8085,86.5315
2022-04-10 00:16:58,4.1,36.3452,71.133
2022-04-10 03:06:16,4.4,21.3757,98.0041
2022-04-10 03:58:05,4.2,42.3551,20.1656
2022-04-10 05:12:30,4.3,38.3426,23.4031
2022-04-10 18:49:44,4.0,38.2131,38.7501
2022-04-11 04:29:34,4.3,36.6348,71.3624
2022-04-11 04:34:32,4.4,42.6299,41.0325
2022-04-11 04:41:41,4.8,33.2832,70.5607
2022-04-11 19:34:47,4.2,45.4476,98.2207
2022-04-11 20:38:42,4.6,42.3247,31.1019
2022-04-11 21:01:36,4.1,35.9646,26.6515
2022-04-11 21:53:52,4.4,38.6282,20.4871
2022-04-12 14:20:15,4.2,36.5387,70.0785
2022-04-13 09:03:24,4.2,34.7454,6.2619
2022-04-13 22:35:51,4.8,34.831,24.6798
2022-04-14 10:41:08,4.3,27.7448,56.0737
2022-04-14 16:36:14,4.3,35.7114,30.0192
2022-04-15 04:26:17,5.1,38.5167,97.3084
2022-04-15 04:33:22,4.4,38.3891,72.3607
2022-04-15 04:34:39,4.6,37.3294,15.7674
2022-04-15 05:41:17,3.9,36.635,71.0771
2022-04-15 15:04:04,4.3,36.1336,70.7954
2022-04-15 16:02:34,4.3,41.629,46.9404
2022-04-15 16:11:02,4.6,28.1516,104.6985
2022-04-16 03:32:18,4.7,27.94,100.6023
2022-04-16 17:36:07,4.2,35.4589,-3.477
2022-04-16 19:18:40,4.6,27.9643,100.8872
2022-04-16 20:00:39,4.7,36.0608,22.5925
2022-04-17 02:51:26,4.1,25.3875,94.8228
2022-04-17 20:54:04,4.3,31.9679,55.4202
2022-04-18 01:31:39,4.3,25.9974,95.9133
2022-04-18 03:37:04,4.1,38.4998,21.5593
2022-04-18 05:57:52,4.1,23.3586,94.7118
2022-04-18 06:13:44,4.3,30.7384,49.747
2022-04-18 07:48:59,4.1,37.6463,60.3201
2022-04-18 12:57:11,4.3,35.0539,25.2676
2022-04-19 18:49:07,4.0,44.2817,11.5396
2022-04-20 01:44:39,5.1,38.9236,70.5883
2022-04-20 03:29:03,4.1,39.9764,24.3223
2022-04-22 14:05:37,4.0,36.4763,70.7099
2022-04-22 16:20:17,4.3,36.7229,77.0189
2022-04-23 00:07:48,5.7,43.0742,18.1803
2022-04-23 05:20:27,4.3,43.0873,18.0175
2022-04-23 05:34:22,4.3,42.9761,18.1188
2022-04-23 16:14:45,4.4,29.6602,51.9671
2022-04-23 17:07:03,4.8,37.7949,101.4389
2022-04-23 19:44:56,4.7,36.3502,19.5771
2022-04-24 05:16:46,4.0,36.9935,21.0616
2022-04-24 07:14:04,4.7,35.1556,26.9705
2022-04-24 07:27:53,4.8,43.0513,18.1424
2022-04-24 12:23:41,4.3,36.7806,76.8247
2022-04-24 12:34:41,4.5,36.6853,67.5509
2022-04-24 12:56:45,4.3,31.7278,83.1271
2022-04-25 08:05:36,4.1,40.4139,83.5836
2022-04-25 13:11:20,4.1,36.3713,71.2166
2022-04-25 19:31:47,4.0,41.9478,23.0187
2022-04-25 19:55:33,4.2,42.0402,23.0061
2022-04-25 22:15:26,4.2,36.2389,70.5074
2022-04-26 17:38:04,4.0,37.2689,71.7429
2022-04-26 22:11:33,4.9,34.7493,32.4322
2022-04-26 23:02:20,4.2,34.7958,32.5434
2022-04-27 04:51:53,4.9,35.9623,22.6525
2022-04-27 09:52:42,3.2,36.9179,21.9305
2022-04-27 21:53:26,4.4,51.4957,16.1715
2022-04-28 08:22:50,4.1,36.7045,23.0422
2022-04-28 17:38:53,4.1,35.3257,23.5568
2022-04-29 17:01:12,4.9,35.0732,25.0057
2022-04-29 20:23:51,4.6,27.8952,100.6915
2022-04-29 20:35:34,4.2,37.054,28.236
2022-04-30 23:05:50,4.2,27.1228,54.4698
2022-05-01 04:33:35,4.2,39.6039,24.1134
2022-05-01 16:52:59,4.4,35.9168,77.9188
2022-05-01 18:15:39,5.0,22.6784,94.2561
2022-05-01 22:06:43,4.2,36.5505,70.9706
2022-05-01 22:35:53,4.9,41.1134,44.0631
2022-05-02 16:37:41,3.3,44.667,7.0936
2022-05-03 00:49:35,4.0,33.2587,-15.1656
2022-05-03 04:33:43,4.2,41.1647,83.2125
2022-05-03 05:26:36,4.3,37.4865,56.5986
2022-05-03 18:24:01,4.1,51.4647,16.1444
2022-05-03 18:50:49,3.5,43.6656,11.284
2022-05-03 23:14:21,3.3,43.6888,11.2258
2022-05-04 09:34:46,4.1,28.0346,54.8189
2022-05-04 13:40:47,4.3,35.4608,23.4457
2022-05-04 22:13:50,4.2,42.0096,20.2023
2022-05-05 03:05:42,5.0,37.4966,71.7198
2022-05-05 11:52:04,4.2,34.2065,24.2675
2022-05-05 14:54:31,4.2,36.4617,70.3496
2022-05-05 19:59:55,4.3,36.4392,71.1694
2022-05-06 00:10:39,4.5,26.0674,99.9874
2022-05-06 03:48:02,5.1,28.4676,64.35
2022-05-06 09:21:18,5.1,26.9552,66.2726
2022-05-06 12:55:18,4.3,54.1677,85.7819
2022-05-08 11:13:10,4.2,38.3129,23.3926
2022-05-08 14:59:47,4.7,31.8821,104.4935
2022-05-08 16:22:31,4.7,35.0709,25.2599
2022-05-08 17:30:31,4.5,38.3474,23.3996
2022-05-09 14:13:38,4.2,46.2293,2.5975
2022-05-10 16:44:31,4.2,36.5749,70.9769
2022-05-11 05:29:00,3.9,36.5925,71.0161
2022-05-11 07:33:11,4.9,29.9682,80.4219
2022-05-11 12:43:13,3.9,36.5754,71.0477
2022-05-11 13:06:55,4.3,39.1295,23.2666
2022-05-11 17:34:52,4.0,36.5242,70.8281
2022-05-11 18:46:25,4.1,45.5272,26.3506
2022-05-12 09:10:52,4.1,31.3784,56.0822
2022-05-12 13:27:44,5.3,38.0642,66.9903
2022-05-12 16:27:23,4.2,33.9546,87.7981
2022-05-12 21:34:47,3.1,43.9411,20.3422
2022-05-13 00:12:04,3.5,43.672,11.2558
2022-05-13 05:16:42,4.6,32.7165,76.2415
2022-05-13 09:13:55,4.3,25.6938,96.8329
2022-05-13 10:09:28,4.4,25.7111,96.8176
2022-05-13 10:31:54,4.6,34.2239,26.1526
2022-05-13 15:26:04,4.3,25.6457,96.717
2022-05-14 01:08:49,4.3,38.1744,26.1468
2022-05-14 01:18:14,4.3,36.6811,71.1161
2022-05-14 12:25:02,4.1,34.0408,25.5387
2022-05-14 20:14:07,4.3,41.112,44.065
2022-05-14 22:48:03,4.5,40.0635,76.5662
2022-05-15 08:34:30,4.2,36.1811,25.3417
2022-05-15 11:24:52,4.0,37.5197,71.7777
2022-05-15 19:17:04,4.1,26.3342,92.3725
2022-05-16 00:49:56,4.0,36.5108,28.5676
2022-05-17 00:23:48,4.0,33.9649,26.2954
2022-05-17 08:20:07,4.1,37.4476,72.2624
2022-05-17 16:06:58,4.4,31.723,50.3645
2022-05-17 17:05:50,4.9,31.6062,50.239
2022-05-18 00:35:11,4.3,30.0322,56.6248
2022-05-18 01:49:55,4.1,21.3707,98.5156
2022-05-18 01:56:22,4.3,31.6426,50.4038
2022-05-18 02:50:01,4.3,21.3045,98.5126
2022-05-18 10:46:56,4.7,36.9172,71.1286
2022-05-18 20:21:38,4.2,36.4323,26.8293
2022-05-20 03:36:37,4.9,29.8899,102.7017
2022-05-20 05:24:17,4.1,37.3352,71.8184
2022-05-20 15:35:49,5.5,35.5176,-3.4789
2022-05-20 21:39:16,4.3,25.0186,96.3401
2022-05-20 23:11:28,4.1,35.4408,-3.5561
2022-05-21 00:42:23,4.5,36.5642,69.6313
2022-05-21 05:12:34,4.2,41.701,43.4425
2022-05-21 05:45:09,4.2,28.2186,86.2888
2022-05-21 06:14:07,4.5,22.8336,93.4891
2022-05-21 14:14:36,4.1,38.9885,22.0378
2022-05-22 10:22:35,4.5,33.9686,25.6628
2022-05-22 12:37:42,4.4,36.531,70.2417
2022-05-23 06:56:45,4.4,22.7741,94.0827
2022-05-23 10:36:46,5.3,28.9568,59.9333
2022-05-23 22:11:04,4.1,34.5812,96.5312
2022-05-24 05:04:37,4.1,34.415,96.66
2022-05-24 10:11:22,4.9,36.1297,70.2878
2022-05-24 11:23:30,4.1,36.5161,69.8883
2022-05-24 16:34:58,4.1,27.1964,53.1071
2022-05-24 23:50:48,4.6,38.8334,21.3184
2022-05-25 01:14:10,4.3,29.5952,103.8004
2022-05-25 07:52:12,4.0,37.0382,59.3995
2022-05-26 00:54:49,4.6,35.631,21.6517
2022-05-26 07:48:02,4.2,34.9532,23.7481
2022-05-26 10:48:48,4.8,32.2082,91.8806
2022-05-26 15:43:20,4.3,32.3026,91.9309
2022-05-26 18:50:37,4.1,42.8088,77.6959
2022-05-27 10:11:27,3.2,41.9272,20.9628
2022-05-27 15:42:36,4.1,36.2961,71.1718
2022-05-27 15:49:33,4.1,39.483,40.7909
2022-05-28 09:02:59,4.1,34.5345,25.1953
2022-05-29 08:50:01,4.5,34.5478,45.6115
2022-05-29 08:52:43,4.1,34.4945,45.419
2022-05-29 23:15:25,4.4,35.3156,-3.5996
2022-05-30 04:23:38,4.2,34.5549,45.6113
2022-05-30 17:36:56,3.6,52.8824,-2.6269
2022-05-31 06:34:44,4.0,46.3176,53.2368
2022-05-31 07:15:12,4.0,32.3573,91.863
2022-05-31 07:39:39,4.3,26.3635,95.6051
2022-05-31 07:40:26,4.6,37.0407,71.9542
2022-05-31 18:45:45,4.3,38.9782,29.7287
2022-06-01 06:35:56,4.4,37.3399,72.235
2022-06-01 09:53:46,4.1,34.5109,98.8979
2022-06-01 10:49:59,4.6,27.0796,53.9118
2022-06-01 12:00:08,5.8,30.3951,102.9582
2022-06-01 12:03:08,5.3,30.3896,102.8724
2022-06-01 19:43:15,5.2,17.4476,94.2503
2022-06-02 06:25:38,4.3,17.5218,94.253
2022-06-02 07:18:04,4.2,36.2021,70.9262
2022-06-02 07:58:02,4.1,33.7566,26.2607
2022-06-02 09:53:24,4.0,28.2163,52.2839
2022-06-02 15:55:15,4.5,35.6277,-3.4835
2022-06-02 16:45:51,4.2,36.6304,71.3306
2022-06-02 21:34:29,4.2,38.5742,68.7296
2022-06-02 22:33:53,4.5,25.0269,60.9101
2022-06-03 01:40:29,4.2,23.2613,95.957
2022-06-03 19:05:10,4.9,36.0633,27.5159
2022-06-04 01:13:30,4.0,39.8749,27.9645
2022-06-04 01:58:58,4.3,39.8377,27.9827
2022-06-04 04:28:03,4.4,28.9103,47.972
2022-06-04 04:49:08,4.4,32.6758,48.5694
2022-06-04 12:02:27,4.2,35.1512,25.2978
2022-06-04 12:52:15,4.1,38.3522,74.3584
2022-06-04 14:02:29,4.1,28.739,51.6285
2022-06-04 14:47:17,4.1,36.9938,53.7347
2022-06-04 16:59:05,4.7,36.4806,70.6659
2022-06-04 22:00:46,4.2,39.6287,74.4991
2022-06-05 02:56:00,4.2,39.7247,74.575
2022-06-05 05:26:29,4.2,33.8413,46.1799
2022-06-05 15:46:35,4.4,39.7238,74.5416
2022-06-05 16:21:06,4.3,41.2752,19.4821
2022-06-06 02:54:54,4.1,34.7093,21.643
2022-06-06 07:16:26,4.5,41.814,19.1703
2022-06-06 17:09:28,4.1,36.7838,70.9227
2022-06-06 20:57:47,4.0,35.4506,-3.6166
2022-06-06 23:56:37,4.2,39.5731,75.0746
2022-06-07 19:57:24,4.5,36.563,71.01
2022-06-08 06:26:30,4.2,21.1306,99.9038
2022-06-08 09:52:24,4.9,35.9196,77.8975
2022-06-08 12:25:29,4.4,35.9367,77.9967
2022-06-09 00:22:52,4.1,37.4467,72.1372
2022-06-09 03:22:47,4.2,37.5127,71.6239
2022-06-09 14:18:00,4.3,43.0652,13.9813
2022-06-09 19:03:26,5.6,32.3152,101.8363
2022-06-09 19:06:46,4.8,32.165,101.7662
2022-06-09 19:21:19,4.8,32.3382,101.8022
2022-06-09 20:28:35,5.9,32.3726,101.8721
2022-06-09 22:27:02,4.9,32.2874,101.9176
2022-06-09 23:37:28,4.5,32.4515,101.9985
2022-06-09 23:54:34,4.2,32.3559,101.7873
2022-06-10 01:31:51,4.1,38.1733,73.7283
2022-06-10 04:40:21,5.0,34.8354,33.8695
2022-06-10 06:23:56,4.1,34.6157,28.2566
2022-06-10 09:02:28,4.6,38.8382,43.4028
2022-06-10 13:43:30,4.0,27.2995,55.3408
2022-06-10 23:51:21,3.6,27.7199,85.4181
2022-06-11 02:09:21,3.8,36.6728,71.1786
2022-06-11 05:05:54,4.3,36.0321,31.4165
2022-06-11 21:56:01,4.2,40.8307,69.6867
2022-06-12 18:49:07,4.2,36.2613,70.5255
2022-06-12 21:35:20,5.2,38.7366,43.5068
2022-06-13 01:31:03,4.2,35.5307,84.0547
2022-06-13 03:38:00,4.0,38.3957,73.2767
2022-06-13 03:57:42,4.2,37.2025,71.3287
2022-06-13 08:34:35,4.3,36.4393,70.7682
2022-06-13 09:19:03,4.1,34.4072,85.3048
2022-06-13 18:06:54,4.3,37.8328,75.1955
2022-06-13 18:44:41,4.3,22.9945,94.531
2022-06-13 20:56:04,4.2,36.5427,70.8475
2022-06-14 10:35:44,4.9,36.4814,71.1703
2022-06-14 13:11:10,4.6,32.3881,101.6354
2022-06-14 16:44:29,4.4,27.7278,55.9837
2022-06-14 17:09:43,4.7,26.5651,54.1698
2022-06-14 17:48:27,3.9,36.5803,71.0265
2022-06-14 18:30:20,4.6,36.6708,49.7757
2022-06-15 08:55:01,4.8,26.5657,54.1747
2022-06-15 08:59:21,4.5,26.6258,54.2374
2022-06-15 09:04:39,4.6,26.6549,54.1714
2022-06-15 09:06:02,5.5,26.6789,54.212
2022-06-15 09:15:41,4.5,26.6727,54.2211
2022-06-15 09:48:54,4.9,26.6531,54.2387
2022-06-15 12:37:48,4.1,26.516,54.1052
2022-06-15 14:50:32,4.4,26.5655,54.1404
2022-06-15 16:16:41,4.4,26.6371,54.2492
2022-06-15 17:26:17,4.4,26.6795,54.2001
2022-06-15 17:32:13,4.1,26.4707,54.2449
2022-06-15 21:07:50,4.0,26.5445,54.222
2022-06-15 21:23:07,4.0,26.715,54.2223
2022-06-15 23:58:12,4.3,26.6005,54.2381
2022-06-16 02:52:06,4.0,26.6164,54.259
2022-06-16 03:23:02,4.4,26.6148,54.2823
2022-06-16 03:26:01,4.0,26.7059,54.2298
2022-06-16 03:40:48,4.6,26.671,54.353
2022-06-16 05:04:33,4.4,43.8954,88.5536
2022-06-16 07:44:48,4.1,26.3279,54.4996
2022-06-16 22:19:06,4.9,42.5449,87.9587
2022-06-17 02:48:06,4.2,26.6947,54.235
2022-06-17 12:22:58,5.1,36.5049,71.1541
2022-06-17 13:56:26,4.3,39.7414,74.0337
2022-06-17 15:25:14,4.8,36.3681,71.1179
2022-06-17 16:08:37,4.3,26.6036,54.2059
2022-06-18 03:03:05,4.0,26.7099,54.2317
2022-06-18 19:44:48,4.9,26.642,54.228
2022-06-18 20:01:42,4.4,26.5991,54.1979
2022-06-19 00:09:29,4.2,41.6968,81.3635
2022-06-20 01:40:54,4.6,27.425,103.6904
2022-06-20 02:24:32,4.9,35.3307,27.1376
2022-06-20 03:57:32,4.0,37.4401,22.2261
2022-06-20 05:38:27,4.3,26.6211,54.1969
2022-06-20 06:04:56,4.5,38.5229,55.5668
2022-06-21 01:00:48,4.0,26.9623,54.494
2022-06-21 03:49:18,4.1,36.4196,70.8008
2022-06-21 06:49:03,4.2,37.4916,50.2825
2022-06-21 10:05:05,4.3,26.6386,54.2184
2022-06-21 23:54:34,6.0,33.0203,69.4639
2022-06-22 00:09:37,5.4,27.2359,53.2837
2022-06-22 00:50:24,4.5,32.9999,69.5099
2022-06-22 04:26:42,4.3,27.2045,53.2628
2022-06-22 05:38:53,4.2,26.7734,54.3449
2022-06-22 07:24:38,4.3,34.6641,23.4524
2022-06-22 09:06:29,4.4,26.5926,54.2709
2022-06-22 11:35:22,4.9,27.2177,53.221
2022-06-22 21:13:40,4.1,27.1207,54.3571
2022-06-22 22:59:13,4.3,27.1648,53.2063
2022-06-23 01:11:46,4.6,28.3742,83.8247
2022-06-23 04:48:58,4.2,36.4687,70.729
2022-06-23 06:56:52,4.3,36.5151,70.5109
2022-06-23 21:27:37,4.9,41.7636,90.6515
2022-06-23 23:10:39,4.1,41.3227,72.7226
2022-06-24 04:27:26,4.1,26.5953,54.1246
2022-06-24 04:43:29,4.2,33.0083,69.5438
2022-06-24 08:36:23,4.4,27.1775,53.1955
2022-06-24 10:01:36,3.3,44.8746,16.9209
2022-06-24 16:32:27,4.3,26.6697,54.22
2022-06-25 02:47:23,4.1,26.4942,54.1624
2022-06-25 03:47:29,4.0,21.2769,94.481
2022-06-25 06:37:14,5.6,26.7341,54.2683
2022-06-25 06:43:59,4.6,26.4087,54.293
2022-06-25 08:50:14,4.3,26.6924,54.1752
2022-06-25 08:51:08,4.2,26.5681,54.2627
2022-06-26 00:12:01,3.5,36.4865,70.8165
2022-06-26 16:07:17,4.9,31.5851,57.2418
2022-06-26 18:39:02,4.3,31.8295,57.3244
2022-06-26 22:17:51,4.6,35.913,-0.3922
2022-06-27 11:22:04,4.4,41.7573,81.1341
2022-06-28 01:49:50,3.7,28.8231,76.6692
2022-06-29 03:01:19,4.1,28.1218,51.6527
2022-06-29 07:30:31,4.8,36.4184,70.7633
2022-06-29 21:01:58,4.6,23.2297,94.5018
2022-06-29 21:54:43,4.7,21.1319,99.8911
2022-06-29 22:04:35,4.4,39.1434,37.7879
2022-06-30 09:07:14,4.3,43.4961,17.5352
2022-07-01 17:04:22,4.4,27.8272,57.3913
2022-07-01 21:29:53,4.2,27.1505,89.2837
2022-07-01 22:28:30,4.2,28.2274,57.336
2022-07-01 23:13:12,5.0,37.4844,78.6539
2022-07-02 00:23:45,4.2,27.0855,89.0981
2022-07-02 00:32:07,6.0,26.9061,55.2389
2022-07-02 00:39:51,4.7,26.9773,55.0053
2022-07-02 00:41:57,4.3,25.9617,56.3116
2022-07-02 00:47:51,5.0,26.8923,55.2365
2022-07-02 01:07:45,4.2,26.8423,55.1355
2022-07-02 01:43:49,4.4,26.8557,55.2013
2022-07-02 02:09:30,4.3,27.126,62.8188
2022-07-02 02:13:43,4.2,26.9054,55.2978
2022-07-02 02:24:13,5.7,26.8843,55.2572
2022-07-02 02:25:13,6.0,26.8878,55.3213
2022-07-02 02:49:19,4.2,26.8957,55.1898
2022-07-02 03:37:38,4.0,26.8389,55.1889
2022-07-02 04:14:54,4.2,26.7815,55.3215
2022-07-02 05:51:52,4.3,26.8411,55.2203
2022-07-02 06:29:10,4.6,26.8667,55.3162
2022-07-02 06:47:51,4.4,26.8968,55.1896
2022-07-02 08:06:57,4.6,26.8795,55.2125
2022-07-02 11:24:55,4.1,41.9689,46.1925
2022-07-02 12:15:45,4.5,26.8335,54.9731
2022-07-02 17:44:18,4.2,26.1322,54.2484
2022-07-02 22:29:19,4.4,26.8832,55.2002
2022-07-02 22:32:32,4.7,41.0178,78.0834
2022-07-02 22:40:24,4.2,41.1226,77.8721
2022-07-03 01:02:12,5.0,40.9295,78.0893
2022-07-03 05:26:12,5.1,19.5636,94.8605
2022-07-03 10:32:20,4.1,26.8101,55.2587
2022-07-03 12:43:15,4.0,37.3368,71.873
2022-07-03 15:18:58,4.2,26.9015,54.4111
2022-07-03 17:05:36,4.1,37.5957,49.9911
2022-07-03 21:41:59,4.1,26.8813,55.2602
2022-07-04 02:45:17,4.0,43.6213,43.7563
2022-07-04 07:14:47,4.2,26.7957,55.2514
2022-07-04 13:37:16,4.5,36.5046,83.3899
2022-07-05 05:20:51,4.1,47.2716,85.0803
2022-07-05 07:16:01,4.3,32.3926,101.9324
2022-07-05 08:08:25,4.2,38.7944,73.4443
2022-07-05 11:47:25,4.3,53.8073,88.0929
2022-07-05 13:30:36,4.1,26.6989,55.3504
2022-07-05 16:43:36,4.0,34.4971,45.6262
2022-07-05 19:29:50,4.1,18.4692,94.7462
2022-07-06 06:05:19,4.3,26.896,55.1476
2022-07-06 06:50:06,4.4,38.2635,71.4016
2022-07-07 07:40:01,4.5,41.7568,81.4017
2022-07-07 08:09:20,4.3,35.6261,69.7582
2022-07-07 20:41:26,4.2,36.4242,71.1755
2022-07-07 22:08:15,4.1,26.8802,55.1821
2022-07-08 00:01:15,4.6,18.6394,96.782
2022-07-08 07:30:25,4.3,27.8815,94.1134
2022-07-08 14:51:00,4.0,36.4514,71.0547
2022-07-08 15:12:21,4.3,41.8064,81.432
2022-07-08 15:23:10,4.4,41.7351,81.3834
2022-07-08 23:28:13,4.6,26.5189,54.1745
2022-07-09 14:47:29,4.0,48.3554,8.8997
2022-07-10 03:17:49,4.0,44.5626,42.4305
2022-07-10 12:37:12,4.0,38.8439,43.5181
2022-07-10 17:04:39,4.2,29.6405,80.8736
2022-07-11 05:40:01,4.6,23.3845,82.4802
2022-07-11 06:36:22,4.7,41.1354,43.9928
2022-07-11 08:10:52,4.2,41.1684,43.937
2022-07-11 09:00:15,4.0,39.6256,23.3806
2022-07-11 20:16:50,4.5,26.6588,54.2887
2022-07-11 20:32:21,4.2,26.5869,54.2687
2022-07-12 05:23:30,4.1,37.9897,22.8887
2022-07-12 07:35:19,4.2,36.5302,71.2331
2022-07-12 08:12:04,4.2,36.0582,70.7605
2022-07-13 05:38:05,4.2,26.8292,55.1385
2022-07-13 11:19:54,4.2,35.1813,25.3041
2022-07-13 22:18:53,4.1,41.1528,20.2091
2022-07-14 03:33:14,4.2,27.634,55.9372
2022-07-14 18:36:39,4.1,35.2841,25.2982
2022-07-15 07:54:18,4.1,38.4559,73.2962
2022-07-16 01:22:12,4.6,29.0575,69.5091
2022-07-16 02:48:49,4.4,23.0067,95.3111
2022-07-16 04:59:07,4.3,41.035,78.0336
2022-07-16 06:55:57,4.4,36.4458,-0.1336
2022-07-16 10:10:14,4.3,39.7702,75.4119
2022-07-16 13:01:31,4.3,21.5808,95.9779
2022-07-16 14:27:35,4.7,34.5144,69.6798
2022-07-16 14:30:49,4.7,47.7884,85.6855
2022-07-16 14:35:02,4.3,34.4397,69.4929
2022-07-16 21:12:48,4.5,24.1883,94.4481
2022-07-16 22:27:19,4.1,26.5862,54.2553
2022-07-16 23:44:02,4.2,36.4826,31.0733
2022-07-17 03:43:33,4.1,35.1644,25.3086
2022-07-17 06:50:41,4.1,30.1078,57.5995
2022-07-17 09:21:55,4.2,39.2141,20.9036
2022-07-17 14:55:39,4.1,39.2566,27.7308
2022-07-17 22:43:22,4.9,40.183,83.2782
2022-07-18 11:04:51,4.3,34.6372,45.4058
2022-07-18 14:34:30,4.3,36.6953,71.0468
2022-07-18 15:22:44,5.2,33.0608,69.4864
2022-07-18 17:38:21,4.9,36.5911,70.9833
2022-07-18 22:23:14,4.3,33.0329,69.4451
2022-07-19 04:09:59,4.1,32.9587,69.5038
2022-07-19 16:07:47,4.4,36.4839,60.5499
2022-07-19 16:26:18,4.3,41.1307,51.7598
2022-07-20 00:38:16,4.3,23.559,94.5663
2022-07-20 05:33:11,4.6,44.3225,87.1566
2022-07-20 12:01:02,4.6,35.3253,25.3656
2022-07-20 17:11:42,4.1,35.4923,-3.5369
2022-07-20 22:49:41,4.0,40.8374,31.2823
2022-07-21 07:14:32,4.2,24.3566,103.1953
2022-07-21 18:44:25,4.3,40.1461,27.3855
2022-07-21 19:40:09,4.9,21.1024,99.8624
2022-07-21 20:07:25,5.9,21.1504,99.8777
2022-07-21 21:18:53,4.1,20.9801,99.7789
2022-07-21 23:00:37,4.4,21.192,99.9666
2022-07-22 01:22:11,4.9,21.144,99.9004
2022-07-22 12:23:53,4.0,35.2009,25.302
2022-07-22 21:18:48,4.4,27.0889,53.2299
2022-07-23 19:07:47,5.4,26.8637,55.2135
2022-07-23 19:09:06,5.6,26.9783,55.3932
2022-07-23 21:16:48,4.4,32.087,104.4627
2022-07-23 23:46:14,4.4,28.3762,54.1108
2022-07-23 23:47:06,4.3,39.1953,71.5649
2022-07-24 10:06:54,4.0,30.7594,78.396
2022-07-24 11:51:12,4.3,26.9496,55.2369
2022-07-24 13:33:07,4.0,45.4646,16.2045
2022-07-24 16:11:14,4.6,21.1527,99.998
2022-07-25 03:22:09,4.3,27.8961,85.5825
2022-07-25 04:37:22,4.1,26.9098,55.2757
2022-07-25 15:03:27,4.2,30.6529,66.702
2022-07-25 16:39:33,4.6,28.1769,55.291
2022-07-25 18:55:14,4.8,26.8543,55.1598
2022-07-26 06:12:07,4.2,34.644,80.2097
2022-07-26 09:11:00,4.0,37.363,37.0592
2022-07-26 14:51:14,4.2,21.0975,99.9402
2022-07-26 15:28:44,4.1,21.0707,99.9041
2022-07-26 16:28:57,4.3,21.0705,99.9208
2022-07-26 18:13:43,4.6,23.5693,93.2709
2022-07-26 19:46:42,4.2,41.7777,82.4286
2022-07-26 23:37:18,4.9,36.4291,70.591
2022-07-27 10:01:17,4.0,41.4374,83.7236
2022-07-27 12:52:54,4.4,41.7844,71.6463
2022-07-27 18:02:41,4.0,37.5732,56.6019
2022-07-28 02:48:22,4.1,41.1508,46.615
2022-07-28 22:26:46,4.7,23.3819,82.5056
2022-07-29 12:58:46,4.8,21.0393,99.9212
2022-07-29 13:17:22,4.3,21.0519,99.8985
2022-07-29 16:01:12,5.5,50.3804,90.6346
2022-07-29 16:15:55,4.2,50.3631,90.5936
2022-07-29 16:44:48,4.4,38.439,22.0455
2022-07-30 03:46:16,3.9,36.9219,47.1552
2022-07-30 23:00:00,4.0,25.1564,89.5344
2022-07-31 00:57:16,4.2,38.8461,20.9391
2022-07-31 05:28:08,5.1,27.1316,86.7827
2022-07-31 06:07:13,4.3,38.8844,20.9798
2022-07-31 14:44:15,4.0,26.7959,55.1207
2022-07-31 16:42:15,5.6,25.1448,63.5694
2022-07-31 16:52:17,5.1,25.1097,63.4765
2022-07-31 20:32:40,4.3,38.8644,20.963
2022-08-01 03:04:44,3.7,45.4685,16.219
2022-08-01 19:03:50,4.5,21.1847,99.8918
2022-08-02 03:37:18,4.2,39.4721,41.2253
2022-08-02 07:17:29,4.1,36.0148,21.3578
2022-08-02 16:42:24,4.3,32.5867,69.0816
2022-08-02 20:10:55,4.1,34.0557,45.7388
2022-08-03 13:05:28,4.2,36.1028,30.9478
2022-08-03 21:03:55,4.4,34.6387,22.1078
2022-08-04 00:19:57,4.0,35.4414,-3.6393
2022-08-04 07:09:26,4.1,26.8616,55.3421
2022-08-04 22:08:10,4.6,36.4812,71.3235
2022-08-05 06:21:05,3.9,36.4332,71.1844
2022-08-05 10:34:09,4.1,50.374,90.6921
2022-08-05 16:28:14,4.5,39.5635,74.4926
2022-08-05 16:32:56,4.2,39.51,74.6074
2022-08-06 02:41:04,4.4,27.7936,84.9833
2022-08-06 18:21:34,4.2,36.6671,71.2334
2022-08-07 09:49:27,4.3,32.6676,47.3048
2022-08-07 11:02:02,4.3,36.1379,29.697
2022-08-08 00:00:07,4.0,37.8149,100.9752
2022-08-08 10:45:34,4.5,35.0375,59.839
2022-08-08 17:45:22,4.4,38.1518,22.0419
2022-08-10 11:15:32,4.4,33.581,81.7365
2022-08-10 11:23:38,4.0,33.6101,81.8439
2022-08-10 20:48:16,4.1,32.6407,83.4054
2022-08-10 21:33:15,4.2,35.5502,-3.6409
2022-08-11 04:14:15,4.4,41.0152,78.0781
2022-08-11 06:59:45,4.5,40.1038,77.7562
2022-08-12 09:07:13,4.3,40.635,34.7903
2022-08-12 11:09:47,4.6,36.5038,71.0949
2022-08-12 11:54:49,4.2,35.4958,45.9901
2022-08-12 14:26:41,4.2,40.7588,50.4971
2022-08-12 20:35:38,4.3,40.952,77.9908
2022-08-12 21:21:10,4.2,37.116,49.5328
2022-08-13 00:31:50,5.2,33.5235,19.0439
2022-08-13 03:25:01,4.1,37.1641,71.2229
2022-08-13 06:50:46,4.2,37.4826,37.0408
2022-08-13 17:58:17,4.0,36.3121,71.2298
2022-08-13 23:01:09,4.2,25.6628,99.9823
2022-08-14 06:24:22,5.0,37.9952,27.1512
2022-08-14 11:20:00,5.7,33.1157,92.7977
2022-08-14 11:24:33,4.2,33.0004,92.8321
2022-08-14 12:53:16,4.3,26.8918,67.4689
2022-08-14 13:47:57,4.4,38.6825,20.4936
2022-08-14 23:20:45,4.1,35.9373,-8.5367
2022-08-15 00:10:35,5.0,37.8597,93.6677
2022-08-15 11:30:37,4.9,38.4785,99.1284
2022-08-15 16:05:06,4.5,33.1189,90.4421
2022-08-16 01:15:50,4.4,29.6765,51.1637
2022-08-16 05:22:57,4.1,33.0358,90.2706
2022-08-16 06:00:15,4.1,37.6512,21.8455
2022-08-16 19:34:40,4.5,39.2513,20.6123
2022-08-17 09:57:15,4.1,26.595,54.2554
2022-08-17 10:03:07,4.0,26.5784,54.1484
2022-08-19 10:51:18,4.4,39.6892,22.288
2022-08-19 22:42:42,4.9,28.0619,81.1968
2022-08-20 00:16:06,3.7,35.051,25.2338
2022-08-21 07:52:48,4.1,37.4833,13.1535
2022-08-22 00:00:29,4.1,36.561,70.8175
2022-08-22 16:53:55,4.6,33.0822,69.508
2022-08-22 23:50:28,4.0,33.2367,75.8439
2022-08-23 07:57:31,3.2,37.6326,21.0842
2022-08-23 09:36:23,4.6,39.7328,22.2746
2022-08-23 13:03:33,4.0,41.578,81.4514
2022-08-23 14:12:32,4.3,41.6563,81.5116
2022-08-23 16:38:31,4.4,40.0617,19.8593
2022-08-23 20:46:05,4.3,35.4353,-3.4312
2022-08-24 07:12:10,4.1,37.452,96.5515
2022-08-24 08:30:20,4.4,35.6552,29.8006
2022-08-24 20:34:21,4.2,33.1509,75.7219
2022-08-25 00:48:11,5.0,23.7516,94.5482
2022-08-25 03:50:35,4.0,30.0203,99.5745
2022-08-26 00:25:39,4.4,35.928,70.9051
2022-08-26 06:05:54,4.2,27.6726,56.0499
2022-08-26 07:52:25,4.6,25.0099,95.2338
2022-08-26 11:56:59,4.3,41.3469,82.5527
2022-08-26 12:50:56,4.2,31.9227,60.0517
2022-08-27 07:47:50,4.0,35.6642,30.2271
2022-08-28 10:42:30,4.3,30.0903,99.7323
2022-08-29 13:20:41,4.5,50.4231,90.7406
2022-08-29 15:04:35,4.3,35.0258,81.2853
2022-08-29 15:54:02,4.2,29.024,96.1153
2022-08-29 19:23:19,4.4,50.3744,90.6758
2022-08-30 05:59:32,4.0,34.2122,23.61
2022-08-30 06:49:34,4.6,38.6584,20.4475
2022-08-30 11:45:29,4.2,36.4496,71.1575
2022-08-30 15:42:23,4.2,34.9152,25.0102
2022-08-30 23:42:32,4.4,35.0465,31.9222
2022-08-31 07:50:05,4.4,38.8036,71.7054
2022-08-31 07:53:03,4.4,46.2671,53.1206
2022-08-31 08:58:23,4.3,37.3987,102.7871
2022-08-31 12:13:10,4.5,33.5925,82.0102
2022-08-31 12:56:40,4.7,37.5649,26.8151
2022-08-31 13:10:11,5.5,37.5527,26.8473
2022-08-31 15:36:44,4.6,28.9851,66.3703
2022-08-31 17:02:17,4.6,37.5368,26.8049
2022-09-01 14:57:42,3.8,47.1173,9.4506
2022-09-02 09:49:52,4.4,34.321,26.4419
2022-09-02 20:00:15,4.9,36.166,68.901
2022-09-03 07:13:10,5.3,35.0593,26.3504
2022-09-03 11:27:45,4.1,38.3575,23.2883
2022-09-03 12:53:10,4.3,42.3297,15.9045
2022-09-03 19:57:35,4.2,37.362,21.1889
2022-09-03 20:16:19,4.3,35.8194,21.9531
2022-09-05 00:57:35,5.1,34.6663,70.7182
2022-09-05 01:24:25,4.2,28.3677,53.1721
2022-09-05 03:48:40,4.2,33.6729,88.8317
2022-09-05 07:52:19,6.6,29.6856,102.2278
2022-09-05 08:38:07,4.6,31.893,92.787
2022-09-05 10:00:01,4.0,31.8605,93.0286
2022-09-05 11:49:15,4.3,38.2537,43.9755
2022-09-05 12:14:51,5.4,27.6306,56.0608
2022-09-05 14:26:22,4.8,29.6551,102.2807
2022-09-05 14:57:01,4.6,34.5991,70.5807
2022-09-05 16:45:56,4.3,37.0733,28.6036
2022-09-05 18:34:22,4.2,37.5546,71.9369
2022-09-06 07:12:30,4.4,38.3507,23.4163
2022-09-06 07:36:38,4.2,42.3639,80.3764
2022-09-06 10:04:43,4.8,36.6492,70.6291
2022-09-06 16:55:37,4.4,29.8963,102.7775
2022-09-06 20:21:09,4.3,33.6387,81.9741
2022-09-06 21:42:16,4.7,29.4587,102.3551
2022-09-07 04:02:40,4.1,36.5697,71.165
2022-09-07 16:22:07,4.2,36.6999,71.21
2022-09-07 19:28:12,4.2,36.5683,7.17
2022-09-08 04:50:50,4.4,35.9009,77.8306
2022-09-08 05:38:23,4.2,29.501,102.5868
2022-09-08 10:36:24,5.5,37.9028,20.0661
2022-09-08 11:20:37,4.4,37.0846,71.5127
2022-09-08 23:29:43,4.5,39.8204,69.7646
2022-09-09 06:08:38,4.5,33.5248,81.911
2022-09-09 10:33:42,4.4,36.5582,71.0865
2022-09-09 12:53:30,4.1,38.8834,21.1541
2022-09-09 13:17:59,4.4,38.3494,23.4467
2022-09-10 05:01:07,4.2,37.7176,101.3516
2022-09-10 08:51:10,4.2,46.133,89.6977
2022-09-10 17:10:06,4.1,35.4055,22.7324
2022-09-10 18:58:11,3.9,47.6928,7.3592
2022-09-11 10:35:25,4.0,30.9964,48.6067
2022-09-11 19:08:18,4.0,45.7611,26.7026
2022-09-12 16:20:16,4.7,37.7805,101.3202
2022-09-13 02:37:04,4.8,34.2181,56.7554
2022-09-13 05:50:14,4.2,45.5931,26.3131
2022-09-14 00:35:13,4.4,26.6301,96.1477
2022-09-14 04:54:35,4.0,26.6364,54.1227
2022-09-14 08:47:20,4.3,51.5993,16.2008
2022-09-14 15:21:17,4.2,38.0323,72.614
2022-09-15 17:48:30,4.5,39.5114,23.6109
2022-09-16 00:05:51,4.6,35.4973,-3.6194
2022-09-16 01:49:37,4.9,35.9108,77.7496
2022-09-16 03:49:59,4.3,37.3347,21.2991
2022-09-16 15:58:08,4.4,37.4382,21.2622
2022-09-16 17:10:48,4.2,38.1715,21.6602
2022-09-16 23:30:36,4.8,39.4354,40.6925
2022-09-17 21:41:40,4.1,35.3577,25.8312
2022-09-18 02:33:30,4.2,26.3704,96.6438
2022-09-18 12:50:49,4.3,34.8834,32.131
2022-09-18 15:57:56,4.5,28.926,95.8832
2022-09-18 16:54:38,4.5,40.2026,19.8373
2022-09-18 17:46:35,4.3,36.9732,71.2341
2022-09-18 18:06:41,4.1,35.9282,77.9225
2022-09-19 00:34:13,4.5,21.3093,94.8301
2022-09-19 03:39:26,4.1,31.2049,82.7913
2022-09-19 07:00:00,4.6,35.5062,75.0054
2022-09-19 07:26:52,4.6,21.1331,59.5297
2022-09-19 15:05:48,4.0,29.9356,99.7046
2022-09-19 19:28:27,4.7,34.6729,80.1671
2022-09-19 19:30:47,4.5,36.5606,-11.1552
2022-09-19 22:37:15,4.3,34.6923,80.1338
2022-09-19 23:44:55,4.1,36.7396,71.3249
2022-09-20 01:36:13,4.3,36.4254,71.1746
2022-09-20 07:18:30,4.4,34.7011,70.603
2022-09-20 13:23:28,4.1,31.5701,98.2347
2022-09-20 15:57:22,4.4,37.9884,72.3013
2022-09-20 17:08:44,4.2,32.4185,81.4719
2022-09-21 15:16:27,4.6,37.643,78.3892
2022-09-21 20:57:54,5.1,38.4925,44.9886
2022-09-22 16:40:00,4.4,44.3982,9.0678
2022-09-22 18:47:57,4.6,44.1351,10.6239
2022-09-23 02:52:59,4.5,36.0685,70.6615
2022-09-23 05:47:43,4.3,24.8035,98.7433
2022-09-23 17:32:28,4.3,33.6888,81.9444
2022-09-24 02:33:09,4.0,36.5209,71.0806
2022-09-25 09:17:59,3.3,46.0141,6.7151
2022-09-25 15:02:48,4.5,18.2558,94.3353
2022-09-25 18:25:13,5.0,27.7041,56.4588
2022-09-26 02:04:25,4.3,27.6742,56.5884
2022-09-26 03:50:36,3.9,42.3062,80.5687
2022-09-26 18:07:53,4.3,35.9132,70.595
2022-09-27 04:04:58,4.2,32.82,73.423
2022-09-27 17:08:32,5.3,40.718,42.8893
2022-09-27 17:24:40,4.3,40.8022,42.9609
2022-09-27 17:43:39,4.0,40.8132,43.0097
2022-09-27 19:16:56,4.4,40.8033,42.9289
2022-09-28 04:50:11,4.5,35.8857,22.113
2022-09-28 19:18:03,4.3,33.2966,46.7252
2022-09-28 21:03:28,4.7,27.6346,54.2245
2022-09-29 04:06:05,4.1,35.3851,23.0029
2022-09-29 07:01:24,4.4,37.8442,19.9893
2022-09-30 00:49:03,4.3,39.5404,40.5348
2022-09-30 01:22:38,5.6,23.0617,94.9275
2022-09-30 05:23:16,4.6,24.7976,94.8543
2022-10-01 08:41:14,4.3,39.6159,40.5218
