dt,0
1750-01-01,13.069578170776367
1750-02-01,13.069578170776367
1750-03-01,13.37223768234253
1750-04-01,13.832080841064453
1750-05-01,14.577298164367676
1750-06-01,15.965425968170166
1750-07-01,16.93583106994629
1750-08-01,16.66684055328369
1750-09-01,15.340292930603027
1750-10-01,14.107236385345459
1750-11-01,13.119362831115723
1750-12-01,13.049223899841309
1751-01-01,13.049223899841309
1751-02-01,13.069578170776367
1751-03-01,13.422933578491211
1751-04-01,13.556845664978027
1751-05-01,14.648669242858887
1751-06-01,15.826964378356934
1751-07-01,16.697843551635742
1751-08-01,16.508316040039062
1751-09-01,15.252441883087158
1751-10-01,14.079668045043945
1751-11-01,13.259752750396729
1751-12-01,13.069578170776367
1752-01-01,13.038554191589355
1752-02-01,13.335243701934814
1752-03-01,13.40993595123291
1752-04-01,13.54077434539795
1752-05-01,14.586145877838135
1752-06-01,15.869786262512207
1752-07-01,16.663439750671387
1752-08-01,16.086753845214844
1752-09-01,14.802087783813477
1752-10-01,14.194651126861572
1752-11-01,13.526127815246582
1752-12-01,13.09311294555664
1753-01-01,13.069578170776367
1753-02-01,13.069578170776367
1753-03-01,13.587422847747803
1753-04-01,13.789441585540771
1753-05-01,15.131898880004883
1753-06-01,16.407556533813477
1753-07-01,16.726484298706055
1753-08-01,16.383230209350586
1753-09-01,15.399163246154785
1753-10-01,14.433370113372803
1753-11-01,13.497061729431152
1753-12-01,13.038554191589355
1754-01-01,13.069578170776367
1754-02-01,13.069578170776367
1754-03-01,13.339065074920654
1754-04-01,14.145316123962402
1754-05-01,15.230352878570557
1754-06-01,16.401488304138184
1754-07-01,16.621066093444824
1754-08-01,16.38524341583252
1754-09-01,15.336676597595215
1754-10-01,14.652621746063232
1754-11-01,13.803664684295654
1754-12-01,13.146563053131104
1755-01-01,13.069578170776367
1755-02-01,13.069578170776367
1755-03-01,13.351059436798096
1755-04-01,14.357460975646973
1755-05-01,15.216486930847168
1755-06-01,16.70155429840088
1755-07-01,16.989285469055176
1755-08-01,16.00619888305664
1755-09-01,15.302673816680908
1755-10-01,14.550281047821045
1755-11-01,13.488046646118164
1755-12-01,13.087365627288818
1756-01-01,13.09311294555664
1756-02-01,13.447921752929688
1756-03-01,13.479034900665283
1756-04-01,14.027744770050049
1756-05-01,15.217274188995361
1756-06-01,16.63584804534912
1756-07-01,16.916702270507812
1756-08-01,16.331687927246094
1756-09-01,15.552177906036377
1756-10-01,14.326616764068604
1756-11-01,13.37223768234253
1756-12-01,13.049223899841309
1757-01-01,13.049223899841309
1757-02-01,13.300293445587158
1757-03-01,13.402777194976807
1757-04-01,13.882600784301758
1757-05-01,15.283301830291748
1757-06-01,16.932117462158203
1757-07-01,17.646488189697266
1757-08-01,16.807217597961426
1757-09-01,15.378441333770752
1757-10-01,13.949699401855469
1757-11-01,13.382728099822998
1757-12-01,13.049223899841309
1758-01-01,13.038554191589355
1758-02-01,13.049223899841309
1758-03-01,13.389490127563477
1758-04-01,13.79936170578003
1758-05-01,14.81561279296875
1758-06-01,16.402045249938965
1758-07-01,16.63832187652588
1758-08-01,16.306659698486328
1758-09-01,15.237953186035156
1758-10-01,14.137670516967773
1758-11-01,13.631382465362549
1758-12-01,13.087365627288818
1759-01-01,13.146563053131104
1759-02-01,13.359170913696289
1759-03-01,13.434651851654053
1759-04-01,13.725170135498047
1759-05-01,14.891641616821289
1759-06-01,16.52521800994873
1759-07-01,16.879939079284668
1759-08-01,16.846416473388672
1759-09-01,15.603110790252686
1759-10-01,14.4473295211792
1759-11-01,13.335243701934814
1759-12-01,13.008944511413574
1760-01-01,13.008944511413574
1760-02-01,13.096758842468262
1760-03-01,13.201369285583496
1760-04-01,14.032998085021973
1760-05-01,14.887274742126465
1760-06-01,16.19804859161377
1760-07-01,16.539567947387695
1760-08-01,16.332204818725586
1760-09-01,15.281333923339844
1760-10-01,14.18388319015503
1760-11-01,13.53200626373291
1760-12-01,13.027835845947266
1761-01-01,13.008944511413574
1761-02-01,13.049223899841309
1761-03-01,13.526127815246582
1761-04-01,13.725170135498047
1761-05-01,15.487675666809082
1761-06-01,17.004324913024902
1761-07-01,17.62259864807129
1761-08-01,16.8266544342041
1761-09-01,15.575459957122803
1761-10-01,14.146827697753906
1761-11-01,13.476733684539795
1761-12-01,13.008944511413574
1762-01-01,13.182220935821533
1762-02-01,13.283281326293945
1762-03-01,13.295710563659668
1762-04-01,14.160360336303711
1762-05-01,15.020081043243408
1762-06-01,16.28166961669922
1762-07-01,16.71609878540039
1762-08-01,16.279237747192383
1762-09-01,15.274533748626709
1762-10-01,14.122636795043945
1762-11-01,13.631070137023926
1762-12-01,13.042904376983643
1763-01-01,13.008944511413574
1763-02-01,13.027835845947266
1763-03-01,13.16802167892456
1763-04-01,13.725170135498047
1763-05-01,14.643022060394287
1763-06-01,15.830312728881836
1763-07-01,17.037677764892578
1763-08-01,16.531354904174805
1763-09-01,15.309864044189453
1763-10-01,14.089047908782959
1763-11-01,13.451301574707031
1763-12-01,13.097667217254639
1764-01-01,13.042904376983643
1764-02-01,13.442469596862793
1764-03-01,13.402777194976807
1764-04-01,13.690385818481445
1764-05-01,14.961339473724365
1764-06-01,15.805360794067383
1764-07-01,16.961833000183105
1764-08-01,16.244282722473145
1764-09-01,15.284801006317139
1764-10-01,14.601535320281982
1764-11-01,13.631070137023926
1764-12-01,13.402777194976807
1765-01-01,13.34106159210205
1765-02-01,13.15013837814331
1765-03-01,13.603687763214111
1765-04-01,14.093598365783691
1765-05-01,14.871679782867432
1765-06-01,15.83407211303711
1765-07-01,16.553157806396484
1765-08-01,16.62096118927002
1765-09-01,15.383541107177734
1765-10-01,14.38105583190918
1765-11-01,13.649325847625732
1765-12-01,13.101258277893066
1766-01-01,13.080096244812012
1766-02-01,13.248658657073975
1766-03-01,13.487625122070312
1766-04-01,13.91104507446289
1766-05-01,15.186530113220215
1766-06-01,16.247735023498535
1766-07-01,16.7244873046875
1766-08-01,16.54236602783203
1766-09-01,15.60617733001709
1766-10-01,14.397053241729736
1766-11-01,13.930357456207275
1766-12-01,13.105825901031494
1767-01-01,13.087365627288818
1767-02-01,13.297972202301025
1767-03-01,13.587422847747803
1767-04-01,13.594005107879639
1767-05-01,14.743426322937012
1767-06-01,16.28166961669922
1767-07-01,16.597103118896484
1767-08-01,16.89205265045166
1767-09-01,15.517925262451172
1767-10-01,14.490492820739746
1767-11-01,13.923528671264648
1767-12-01,13.054704666137695
1768-01-01,13.027835845947266
1768-02-01,13.063254356384277
1768-03-01,13.228002071380615
1768-04-01,13.9520583152771
1768-05-01,14.81561279296875
1768-06-01,16.01658535003662
1768-07-01,17.044283866882324
1768-08-01,16.52521800994873
1768-09-01,15.441529273986816
1768-10-01,14.307757377624512
1768-11-01,13.407278537750244
1768-12-01,12.816466331481934
1769-01-01,12.845685482025146
1769-02-01,12.79538345336914
1769-03-01,13.16802167892456
1769-04-01,13.94553279876709
1769-05-01,15.378441333770752
1769-06-01,16.79200553894043
1769-07-01,17.229827880859375
1769-08-01,16.738591194152832
1769-09-01,15.811260223388672
1769-10-01,14.300409317016602
1769-11-01,13.8385329246521
1769-12-01,13.407278537750244
1770-01-01,13.434651851654053
1770-02-01,13.587488174438477
1770-03-01,13.467783451080322
1770-04-01,14.372732639312744
1770-05-01,15.064929485321045
1770-06-01,15.941781044006348
1770-07-01,16.4622745513916
1770-08-01,16.618535041809082
1770-09-01,15.695719718933105
1770-10-01,14.677282333374023
1770-11-01,13.882600784301758
1770-12-01,13.356104850769043
1771-01-01,13.461691856384277
1771-02-01,13.146563053131104
1771-03-01,13.368919849395752
1771-04-01,13.765038013458252
1771-05-01,15.20586347579956
1771-06-01,16.543224334716797
1771-07-01,16.897043228149414
1771-08-01,16.60488796234131
1771-09-01,15.58907699584961
1771-10-01,14.839966297149658
1771-11-01,13.467783451080322
1771-12-01,13.10017728805542
1772-01-01,13.087365627288818
1772-02-01,13.11756420135498
1772-03-01,13.277086734771729
1772-04-01,13.941082000732422
1772-05-01,14.490492820739746
1772-06-01,16.16273784637451
1772-07-01,16.86919403076172
1772-08-01,16.60488796234131
1772-09-01,15.284801006317139
1772-10-01,14.423057079315186
1772-11-01,13.819549560546875
1772-12-01,13.331502437591553
1773-01-01,12.796833992004395
1773-02-01,12.796833992004395
1773-03-01,13.161112785339355
1773-04-01,13.972054958343506
1773-05-01,15.609327793121338
1773-06-01,16.175007820129395
1773-07-01,17.145423889160156
1773-08-01,16.847814559936523
1773-09-01,15.72629976272583
1773-10-01,14.515719890594482
1773-11-01,13.389490127563477
1773-12-01,13.386215686798096
1774-01-01,12.919474124908447
1774-02-01,13.244175434112549
1774-03-01,13.394733905792236
1774-04-01,14.272593021392822
1774-05-01,15.893871784210205
1774-06-01,16.73362159729004
1774-07-01,17.330591201782227
1774-08-01,16.67693042755127
1774-09-01,15.316668510437012
1774-10-01,14.320158004760742
1774-11-01,13.133866310119629
1774-12-01,12.759158611297607
1775-01-01,12.890964031219482
1775-02-01,13.339065074920654
1775-03-01,13.472651958465576
1775-04-01,13.679929256439209
1775-05-01,15.026937007904053
1775-06-01,16.581263542175293
1775-07-01,17.619794845581055
1775-08-01,17.350565910339355
1775-09-01,15.74479341506958
1775-10-01,14.659200191497803
1775-11-01,13.695224285125732
1775-12-01,12.888396739959717
1776-01-01,12.890964031219482
1776-02-01,13.105825901031494
1776-03-01,13.339065074920654
1776-04-01,13.695224285125732
1776-05-01,14.778730392456055
1776-06-01,16.863069534301758
1776-07-01,17.471651077270508
1776-08-01,17.264596939086914
1776-09-01,15.451695919036865
1776-10-01,14.38105583190918
1776-11-01,13.442469596862793
1776-12-01,12.902705669403076
1777-01-01,12.90134572982788
1777-02-01,13.097667217254639
1777-03-01,13.423874855041504
1777-04-01,13.472651958465576
1777-05-01,15.103418350219727
1777-06-01,16.27855110168457
1777-07-01,16.727560997009277
1777-08-01,16.781222343444824
1777-09-01,15.57308053970337
1777-10-01,14.269500732421875
1777-11-01,13.467783451080322
1777-12-01,12.81627082824707
1778-01-01,12.863714694976807
1778-02-01,13.116458892822266
1778-03-01,13.232956409454346
1778-04-01,14.142947673797607
1778-05-01,15.076484680175781
1778-06-01,16.104089736938477
1778-07-01,16.989436149597168
1778-08-01,16.411099433898926
1778-09-01,15.51990270614624
1778-10-01,14.209502220153809
1778-11-01,13.289385318756104
1778-12-01,12.81627082824707
1779-01-01,12.722816944122314
1779-02-01,13.127123355865479
1779-03-01,13.3287935256958
1779-04-01,13.904417514801025
1779-05-01,15.363558292388916
1779-06-01,15.551129341125488
1779-07-01,16.617502212524414
1779-08-01,16.72445583343506
1779-09-01,15.46435546875
1779-10-01,14.167731761932373
1779-11-01,13.476537227630615
1779-12-01,13.115801334381104
1780-01-01,12.845685482025146
1780-02-01,13.146563053131104
1780-03-01,13.624940395355225
1780-04-01,14.371793746948242
1780-05-01,15.959563255310059
1780-06-01,16.63584804534912
1780-07-01,17.731804847717285
1780-08-01,16.847814559936523
1780-09-01,15.487675666809082
1780-10-01,15.084476947784424
1780-11-01,14.245809078216553
1780-12-01,13.442469596862793
1781-01-01,13.389490127563477
1781-02-01,13.442469596862793
1781-03-01,14.003504276275635
1781-04-01,14.4473295211792
1781-05-01,15.721202850341797
1781-06-01,16.875415802001953
1781-07-01,17.641014099121094
1781-08-01,17.765262603759766
1781-09-01,16.0093936920166
1781-10-01,14.742048263549805
1781-11-01,14.069606304168701
1781-12-01,13.097667217254639
1782-01-01,12.673218727111816
1782-02-01,12.796553611755371
1782-03-01,13.389490127563477
1782-04-01,14.20900297164917
1782-05-01,15.674983024597168
1782-06-01,17.22523593902588
1782-07-01,17.7765531539917
1782-08-01,17.633689880371094
1782-09-01,16.562548637390137
1782-10-01,15.385997295379639
1782-11-01,14.445078372955322
1782-12-01,14.024954319000244
1783-01-01,13.890081882476807
1783-02-01,14.397053241729736
1783-03-01,14.54364824295044
1783-04-01,15.076484680175781
1783-05-01,16.394614219665527
1783-06-01,17.58815288543701
1783-07-01,17.725624084472656
1783-08-01,17.61950969696045
1783-09-01,16.370607376098633
1783-10-01,15.603110790252686
1783-11-01,14.563835620880127
1783-12-01,14.371793746948242
1784-01-01,14.302143096923828
1784-02-01,14.299140930175781
1784-03-01,14.823495388031006
1784-04-01,15.171576499938965
1784-05-01,16.004114151000977
1784-06-01,17.090556144714355
1784-07-01,17.647005081176758
1784-08-01,17.567203521728516
1784-09-01,16.418370246887207
1784-10-01,15.337071895599365
1784-11-01,14.609345436096191
1784-12-01,14.167731761932373
1785-01-01,14.09781265258789
1785-02-01,14.113357067108154
1785-03-01,14.300409317016602
1785-04-01,14.909087657928467
1785-05-01,15.749483585357666
1785-06-01,17.244590759277344
1785-07-01,17.55081081390381
1785-08-01,17.409439086914062
1785-09-01,16.387731552124023
1785-10-01,15.317532539367676
1785-11-01,14.666252613067627
1785-12-01,13.84870195388794
1786-01-01,13.754765510559082
1786-02-01,13.905737400054932
1786-03-01,14.562183380126953
1786-04-01,15.018139839172363
1786-05-01,15.896173477172852
1786-06-01,17.113500595092773
1786-07-01,17.68428611755371
1786-08-01,17.339526176452637
1786-09-01,16.408577919006348
1786-10-01,15.230352878570557
1786-11-01,14.372732639312744
1786-12-01,13.695224285125732
1787-01-01,13.847647190093994
1787-02-01,13.991256713867188
1787-03-01,14.524917125701904
1787-04-01,14.893263816833496
1787-05-01,15.811463356018066
1787-06-01,17.258405685424805
1787-07-01,17.3771333694458
1787-08-01,17.261963844299316
1787-09-01,16.009695053100586
1787-10-01,15.324501991271973
1787-11-01,14.545554637908936
1787-12-01,13.981109619140625
1788-01-01,13.749993801116943
1788-02-01,14.107236385345459
1788-03-01,14.469677925109863
1788-04-01,15.021103382110596
1788-05-01,15.91270112991333
1788-06-01,17.346613883972168
1788-07-01,18.417881965637207
1788-08-01,17.374835968017578
1788-09-01,16.433090209960938
1788-10-01,15.556349754333496
1788-11-01,14.836676597595215
1788-12-01,13.766583442687988
1789-01-01,14.075063705444336
1789-02-01,14.160360336303711
1789-03-01,14.716445922851562
1789-04-01,15.06909704208374
1789-05-01,16.204827308654785
1789-06-01,16.728986740112305
1789-07-01,17.98922824859619
1789-08-01,17.487756729125977
1789-09-01,16.46296787261963
1789-10-01,15.46445894241333
1789-11-01,14.831968307495117
1789-12-01,14.09242296218872
1790-01-01,14.0940260887146
1790-02-01,14.317232131958008
1790-03-01,14.785131931304932
1790-04-01,15.064929485321045
1790-05-01,15.60887098312378
1790-06-01,16.818206787109375
1790-07-01,16.87691020965576
1790-08-01,16.9017276763916
1790-09-01,16.214564323425293
1790-10-01,15.59898042678833
1790-11-01,14.960727214813232
1790-12-01,14.133854389190674
1791-01-01,14.167731761932373
1791-02-01,14.27808666229248
1791-03-01,14.95596981048584
1791-04-01,15.407219409942627
1791-05-01,15.700148105621338
1791-06-01,16.891419410705566
1791-07-01,17.397536277770996
1791-08-01,17.45159912109375
1791-09-01,16.301936149597168
1791-10-01,15.465695858001709
1791-11-01,15.030560493469238
1791-12-01,13.868694305419922
1792-01-01,13.472651958465576
1792-02-01,14.300217628479004
1792-03-01,14.752635478973389
1792-04-01,15.284801006317139
1792-05-01,16.398764610290527
1792-06-01,17.64936351776123
1792-07-01,18.376201629638672
1792-08-01,17.715651512145996
1792-09-01,16.793306350708008
1792-10-01,15.69021987915039
1792-11-01,14.842756271362305
1792-12-01,13.748233318328857
1793-01-01,13.543230056762695
1793-02-01,14.302403450012207
1793-03-01,14.894964218139648
1793-04-01,15.449138164520264
1793-05-01,16.304543495178223
1793-06-01,17.58949089050293
1793-07-01,18.540568351745605
1793-08-01,17.940542221069336
1793-09-01,16.697843551635742
1793-10-01,15.75462007522583
1793-11-01,14.902268409729004
1793-12-01,13.765838146209717
1794-01-01,13.8385329246521
1794-02-01,13.895184516906738
1794-03-01,14.975570678710938
1794-04-01,15.602145671844482
1794-05-01,16.71609878540039
1794-06-01,17.59305477142334
1794-07-01,18.292644500732422
1794-08-01,17.843278884887695
1794-09-01,16.909754753112793
1794-10-01,15.805440902709961
1794-11-01,15.051054000854492
1794-12-01,13.830130577087402
1795-01-01,13.890081882476807
1795-02-01,14.46390438079834
1795-03-01,14.928364276885986
1795-04-01,15.5294189453125
1795-05-01,16.641672134399414
1795-06-01,17.585132598876953
1795-07-01,18.076272010803223
1795-08-01,17.921844482421875
1795-09-01,16.72735023498535
1795-10-01,15.91270112991333
1795-11-01,14.86440658569336
1795-12-01,13.8385329246521
1796-01-01,13.788368701934814
1796-02-01,14.236417293548584
1796-03-01,14.532174110412598
1796-04-01,15.423471927642822
1796-05-01,16.4717435836792
1796-06-01,18.059765815734863
1796-07-01,18.384069442749023
1796-08-01,18.386961936950684
1796-09-01,16.989303588867188
1796-10-01,15.475460052490234
1796-11-01,14.160360336303711
1796-12-01,12.673218727111816
1797-01-01,13.260129451751709
1797-02-01,13.933265686035156
1797-03-01,13.907910346984863
1797-04-01,14.722249984741211
1797-05-01,16.36603355407715
1797-06-01,17.895347595214844
1797-07-01,18.358891487121582
1797-08-01,18.065895080566406
1797-09-01,16.85973834991455
1797-10-01,15.570928573608398
1797-11-01,14.423567295074463
1797-12-01,13.464222431182861
1798-01-01,13.3287935256958
1798-02-01,13.729456901550293
1798-03-01,14.478125095367432
1798-04-01,14.958010196685791
1798-05-01,16.245720863342285
1798-06-01,17.59927272796631
1798-07-01,18.35215950012207
1798-08-01,18.250078201293945
1798-09-01,16.71609878540039
1798-10-01,15.473405361175537
1798-11-01,14.594767570495605
1798-12-01,13.32027530670166
1799-01-01,13.177752017974854
1799-02-01,13.610291957855225
1799-03-01,14.204010963439941
1799-04-01,15.35401439666748
1799-05-01,16.466678619384766
1799-06-01,17.953682899475098
1799-07-01,18.629695892333984
1799-08-01,18.312796592712402
1799-09-01,17.22523593902588
1799-10-01,15.968866348266602
1799-11-01,14.671606063842773
1799-12-01,13.236000537872314
1800-01-01,13.185131072998047
1800-02-01,13.941082000732422
1800-03-01,14.410753726959229
1800-04-01,15.735584735870361
1800-05-01,16.63361930847168
1800-06-01,17.879627227783203
1800-07-01,18.447490692138672
1800-08-01,18.401841163635254
1800-09-01,17.012764930725098
1800-10-01,15.91270112991333
1800-11-01,14.675848484039307
1800-12-01,13.467783451080322
1801-01-01,13.397830963134766
1801-02-01,14.028056621551514
1801-03-01,15.017931461334229
1801-04-01,15.24129581451416
1801-05-01,17.210585594177246
1801-06-01,17.8351469039917
1801-07-01,18.76067066192627
1801-08-01,18.109689712524414
1801-09-01,17.336591720581055
1801-10-01,16.32527732849121
1801-11-01,14.741282939910889
1801-12-01,13.981225967407227
1802-01-01,13.730522632598877
1802-02-01,14.171074390411377
1802-03-01,14.856443405151367
1802-04-01,15.52983808517456
1802-05-01,16.377546310424805
1802-06-01,18.017282485961914
1802-07-01,18.68609046936035
1802-08-01,18.679905891418457
1802-09-01,17.30983543395996
1802-10-01,16.01658535003662
1802-11-01,14.662416934967041
1802-12-01,13.546991348266602
1803-01-01,13.150811672210693
1803-02-01,13.37223768234253
1803-03-01,14.62852144241333
1803-04-01,15.702489376068115
1803-05-01,16.431513786315918
1803-06-01,17.920031547546387
1803-07-01,18.77848529815674
1803-08-01,18.639161109924316
1803-09-01,17.19258975982666
1803-10-01,16.145111083984375
1803-11-01,14.77249526977539
1803-12-01,13.376038551330566
1804-01-01,13.239368915557861
1804-02-01,13.370218753814697
1804-03-01,14.272883415222168
1804-04-01,15.183178424835205
1804-05-01,16.22416400909424
1804-06-01,17.455472946166992
1804-07-01,18.425640106201172
1804-08-01,17.725624084472656
1804-09-01,16.91837787628174
1804-10-01,15.536218643188477
1804-11-01,14.71435260772705
1804-12-01,13.639060974121094
1805-01-01,13.498579502105713
1805-02-01,13.714270114898682
1805-03-01,14.38105583190918
1805-04-01,14.894290447235107
1805-05-01,15.889878273010254
1805-06-01,17.336591720581055
1805-07-01,18.042792320251465
1805-08-01,17.91303253173828
1805-09-01,16.71609878540039
1805-10-01,15.276861667633057
1805-11-01,14.307757377624512
1805-12-01,13.565810203552246
1806-01-01,13.278372764587402
1806-02-01,13.696733951568604
1806-03-01,14.32220458984375
1806-04-01,14.779150009155273
1806-05-01,16.317917823791504
1806-06-01,17.199841499328613
1806-07-01,17.735529899597168
1806-08-01,17.85696029663086
1806-09-01,16.7727632522583
1806-10-01,15.473405361175537
1806-11-01,14.552944660186768
1806-12-01,13.618415832519531
1807-01-01,13.103333950042725
1807-02-01,13.646899223327637
1807-03-01,14.283926963806152
1807-04-01,14.725406646728516
1807-05-01,15.859073162078857
1807-06-01,17.255263328552246
1807-07-01,18.204769134521484
1807-08-01,18.26224136352539
1807-09-01,16.697843551635742
1807-10-01,15.674983024597168
1807-11-01,14.67735242843628
1807-12-01,13.694066047668457
1808-01-01,13.22480821609497
1808-02-01,13.452336311340332
1808-03-01,14.283926963806152
1808-04-01,14.81352949142456
1808-05-01,15.911333560943604
1808-06-01,17.22523593902588
1808-07-01,18.075210571289062
1808-08-01,17.758159637451172
1808-09-01,16.51416015625
1808-10-01,15.204692363739014
1808-11-01,14.251673221588135
1808-12-01,13.307104587554932
1809-01-01,13.096758842468262
1809-02-01,13.241188526153564
1809-03-01,14.098950386047363
1809-04-01,14.81038236618042
1809-05-01,15.82403039932251
1809-06-01,17.341811180114746
1809-07-01,17.61304759979248
1809-08-01,17.81738567352295
1809-09-01,16.45016574859619
1809-10-01,15.473405361175537
1809-11-01,14.107236385345459
1809-12-01,13.27841567993164
1810-01-01,13.16802167892456
1810-02-01,13.631070137023926
1810-03-01,14.545602321624756
1810-04-01,14.85757827758789
1810-05-01,15.84331464767456
1810-06-01,16.740358352661133
1810-07-01,17.715651512145996
1810-08-01,17.455472946166992
1810-09-01,16.400275230407715
1810-10-01,15.31459379196167
1810-11-01,14.39373779296875
1810-12-01,13.394733905792236
1811-01-01,13.28535795211792
1811-02-01,13.363304138183594
1811-03-01,14.2552170753479
1811-04-01,14.77249526977539
1811-05-01,16.223408699035645
1811-06-01,17.715651512145996
1811-07-01,18.04646873474121
1811-08-01,17.8351469039917
1811-09-01,16.00660514831543
1811-10-01,15.05461072921753
1811-11-01,13.703431129455566
1811-12-01,12.905406475067139
1812-01-01,12.39500093460083
1812-02-01,12.59230089187622
1812-03-01,13.3287935256958
1812-04-01,14.160767555236816
1812-05-01,15.515089988708496
1812-06-01,17.330591201782227
1812-07-01,18.38401508331299
1812-08-01,18.357574462890625
1812-09-01,15.937414646148682
1812-10-01,14.798603534698486
1812-11-01,13.788368701934814
1812-12-01,12.604537963867188
1813-01-01,12.203166484832764
1813-02-01,12.809504985809326
1813-03-01,13.394431591033936
1813-04-01,14.662223815917969
1813-05-01,16.57621479034424
1813-06-01,17.715651512145996
1813-07-01,18.680683135986328
1813-08-01,18.195509910583496
1813-09-01,17.038456916809082
1813-10-01,15.538761138916016
1813-11-01,14.63562822341919
1813-12-01,13.045073986053467
1814-01-01,12.950732707977295
1814-02-01,12.913410663604736
1814-03-01,13.631070137023926
1814-04-01,14.673445701599121
1814-05-01,15.71279239654541
1814-06-01,17.54282569885254
1814-07-01,18.325064659118652
1814-08-01,17.995535850524902
1814-09-01,16.492908477783203
1814-10-01,15.192876815795898
1814-11-01,14.256316661834717
1814-12-01,13.594354629516602
1815-01-01,12.636298656463623
1815-02-01,13.016765594482422
1815-03-01,13.759725570678711
1815-04-01,14.4938383102417
1815-05-01,15.973494529724121
1815-06-01,17.330209732055664
1815-07-01,18.604283332824707
1815-08-01,18.058223724365234
1815-09-01,16.652584075927734
1815-10-01,15.286205768585205
1815-11-01,13.9520583152771
1815-12-01,12.674805164337158
1816-01-01,12.725995540618896
1816-02-01,12.673218727111816
1816-03-01,13.855127334594727
1816-04-01,14.666252613067627
1816-05-01,16.1631498336792
1816-06-01,17.584617614746094
1816-07-01,17.895347595214844
1816-08-01,17.93667984008789
1816-09-01,16.522350311279297
1816-10-01,15.227739810943604
1816-11-01,14.300409317016602
1816-12-01,12.705939292907715
1817-01-01,12.674805164337158
1817-02-01,13.631070137023926
1817-03-01,14.262463092803955
1817-04-01,15.081729888916016
1817-05-01,15.930964469909668
1817-06-01,17.534700393676758
1817-07-01,18.403751373291016
1817-08-01,18.58108139038086
1817-09-01,16.401728630065918
1817-10-01,15.155292987823486
1817-11-01,14.260302066802979
1817-12-01,12.50531005859375
1818-01-01,12.434597492218018
1818-02-01,13.027835845947266
1818-03-01,14.107236385345459
1818-04-01,15.131754875183105
1818-05-01,16.4622745513916
1818-06-01,18.352216720581055
1818-07-01,18.79557991027832
1818-08-01,18.32904052734375
1818-09-01,16.571828842163086
1818-10-01,15.06909704208374
1818-11-01,14.192636013031006
1818-12-01,12.833160400390625
1819-01-01,12.21323013305664
1819-02-01,13.250898838043213
1819-03-01,14.411293506622314
1819-04-01,15.504958152770996
1819-05-01,16.989704132080078
1819-06-01,18.569488525390625
1819-07-01,19.04569721221924
1819-08-01,18.777713775634766
1819-09-01,17.385748863220215
1819-10-01,15.393800258636475
1819-11-01,13.37223768234253
1819-12-01,11.83116865158081
1820-01-01,11.50749397277832
1820-02-01,12.15834093093872
1820-03-01,12.544474124908447
1820-04-01,15.111059665679932
1820-05-01,17.01054096221924
1820-06-01,18.76067066192627
1820-07-01,19.626145362854004
1820-08-01,19.29918670654297
1820-09-01,17.07411289215088
1820-10-01,13.411795616149902
1820-11-01,11.00294542312622
1820-12-01,9.15773057937622
1821-01-01,9.085190296173096
1821-02-01,9.670594215393066
1821-03-01,11.007285118103027
1821-04-01,13.40511178970337
1821-05-01,16.399418830871582
1821-06-01,18.37439727783203
1821-07-01,19.485392570495605
1821-08-01,19.419605255126953
1821-09-01,16.710351943969727
1821-10-01,13.897583484649658
1821-11-01,11.091563701629639
1821-12-01,9.564030170440674
1822-01-01,8.465056419372559
1822-02-01,9.638458251953125
1822-03-01,11.924371719360352
1822-04-01,13.24783992767334
1822-05-01,15.937414646148682
1822-06-01,18.780287742614746
1822-07-01,19.86232852935791
1822-08-01,19.1031494140625
1822-09-01,16.542396545410156
1822-10-01,13.69818115234375
1822-11-01,11.273663520812988
1822-12-01,8.119507312774658
1823-01-01,8.305548667907715
1823-02-01,9.384576320648193
1823-03-01,10.816137313842773
1823-04-01,13.078203678131104
1823-05-01,15.90177297592163
1823-06-01,18.805235862731934
1823-07-01,20.006338119506836
1823-08-01,19.03316307067871
1823-09-01,16.475452423095703
1823-10-01,13.488184452056885
1823-11-01,11.4301118850708
1823-12-01,10.370457649230957
1824-01-01,10.135946273803711
1824-02-01,10.563545227050781
1824-03-01,11.268752098083496
1824-04-01,12.178097248077393
1824-05-01,15.144002437591553
1824-06-01,17.300419807434082
1824-07-01,18.718393325805664
1824-08-01,17.762822151184082
1824-09-01,15.653205871582031
1824-10-01,12.660679817199707
1824-11-01,11.097650051116943
1824-12-01,10.141642093658447
1825-01-01,8.768563747406006
1825-02-01,9.449589729309082
1825-03-01,10.91443920135498
1825-04-01,13.30542516708374
1825-05-01,15.74983835220337
1825-06-01,18.356517791748047
1825-07-01,19.113372802734375
1825-08-01,18.619267463684082
1825-09-01,16.39716339111328
1825-10-01,13.835948467254639
1825-11-01,12.299249649047852
1825-12-01,11.012490272521973
1826-01-01,10.389663696289062
1826-02-01,10.899746417999268
1826-03-01,11.890585899353027
1826-04-01,13.183279514312744
1826-05-01,15.727092266082764
1826-06-01,18.06820297241211
1826-07-01,19.624642372131348
1826-08-01,18.727892875671387
1826-09-01,16.188465118408203
1826-10-01,13.754220008850098
1826-11-01,11.55677604675293
1826-12-01,10.094160079956055
1827-01-01,9.237746715545654
1827-02-01,10.383260250091553
1827-03-01,11.37123441696167
1827-04-01,13.346813678741455
1827-05-01,15.83829402923584
1827-06-01,18.61836051940918
1827-07-01,19.800600051879883
1827-08-01,18.88959503173828
1827-09-01,16.225120544433594
1827-10-01,13.8385329246521
1827-11-01,11.352118015289307
1827-12-01,9.961390495300293
1828-01-01,9.072042465209961
1828-02-01,9.737226963043213
1828-03-01,11.244800090789795
1828-04-01,13.116725444793701
1828-05-01,15.88016939163208
1828-06-01,18.752894401550293
1828-07-01,19.806838035583496
1828-08-01,19.103702545166016
1828-09-01,15.80593729019165
1828-10-01,14.08092451095581
1828-11-01,12.434833526611328
1828-12-01,10.910595893859863
1829-01-01,10.50157642364502
1829-02-01,10.496039867401123
1829-03-01,11.761393547058105
1829-04-01,13.590898513793945
1829-05-01,15.893109798431396
1829-06-01,17.82072162628174
1829-07-01,19.310714721679688
1829-08-01,18.659828186035156
1829-09-01,16.082737922668457
1829-10-01,13.871755599975586
1829-11-01,11.727591037750244
1829-12-01,10.624735355377197
1830-01-01,10.375230312347412
1830-02-01,11.031102180480957
1830-03-01,11.970048427581787
1830-04-01,13.776389598846436
1830-05-01,15.5798020362854
1830-06-01,18.114171028137207
1830-07-01,19.607433319091797
1830-08-01,18.7759370803833
1830-09-01,15.921138763427734
1830-10-01,13.64873456954956
1830-11-01,11.769521236419678
1830-12-01,10.128597736358643
1831-01-01,9.262857437133789
1831-02-01,10.135946273803711
1831-03-01,11.55611801147461
1831-04-01,12.966935157775879
1831-05-01,15.460963249206543
1831-06-01,17.921594619750977
1831-07-01,18.99468231201172
1831-08-01,18.25759506225586
1831-09-01,15.494175910949707
1831-10-01,13.420182704925537
1831-11-01,10.951817512512207
1831-12-01,8.818387508392334
1832-01-01,8.356391429901123
1832-02-01,9.286888122558594
1832-03-01,10.648017883300781
1832-04-01,12.973599910736084
1832-05-01,15.470159530639648
1832-06-01,17.551047325134277
1832-07-01,19.10550594329834
1832-08-01,18.1842622756958
1832-09-01,15.83079195022583
1832-10-01,13.51835012435913
1832-11-01,10.736712455749512
1832-12-01,8.922613143920898
1833-01-01,9.008832931518555
1833-02-01,10.061747550964355
1833-03-01,10.586426258087158
1833-04-01,12.908274173736572
1833-05-01,15.815310001373291
1833-06-01,18.166860580444336
1833-07-01,19.02975845336914
1833-08-01,18.346834182739258
1833-09-01,15.932975769042969
1833-10-01,12.706940650939941
1833-11-01,11.179857730865479
1833-12-01,9.693994045257568
1834-01-01,8.788037300109863
1834-02-01,9.91339921951294
1834-03-01,11.150981426239014
1834-04-01,12.826345443725586
1834-05-01,16.125967979431152
1834-06-01,17.88749408721924
1834-07-01,19.482715606689453
1834-08-01,18.920330047607422
1834-09-01,16.297256469726562
1834-10-01,13.191253662109375
1834-11-01,11.49051570892334
1834-12-01,9.232249736785889
1835-01-01,9.369160652160645
1835-02-01,9.715753078460693
1835-03-01,10.91921854019165
1835-04-01,12.513482093811035
1835-05-01,15.30333137512207
1835-06-01,17.352581024169922
1835-07-01,18.683430671691895
1835-08-01,17.83775043487549
1835-09-01,15.054941177368164
1835-10-01,13.142784118652344
1835-11-01,10.536048412322998
1835-12-01,8.685951709747314
1836-01-01,8.47757863998413
1836-02-01,9.57094669342041
1836-03-01,11.028157711029053
1836-04-01,12.650751113891602
1836-05-01,14.997374057769775
1836-06-01,17.571773529052734
1836-07-01,18.631378173828125
1836-08-01,17.98281192779541
1836-09-01,15.650995254516602
1836-10-01,13.096758842468262
1836-11-01,10.494452953338623
1836-12-01,9.354950904846191
1837-01-01,8.788037300109863
1837-02-01,9.73343276977539
1837-03-01,10.571855068206787
1837-04-01,12.207286357879639
1837-05-01,14.978323936462402
1837-06-01,17.383262634277344
1837-07-01,18.69956874847412
1837-08-01,18.61310386657715
1837-09-01,15.89505672454834
1837-10-01,13.008944511413574
1837-11-01,11.040550231933594
1837-12-01,9.565695762634277
1838-01-01,8.38462781906128
1838-02-01,9.301202297210693
1838-03-01,10.959573745727539
1838-04-01,12.540091514587402
1838-05-01,15.211979866027832
1838-06-01,17.631583213806152
1838-07-01,19.172264099121094
1838-08-01,18.555773735046387
1838-09-01,16.154471397399902
1838-10-01,12.966657638549805
1838-11-01,10.9368896484375
1838-12-01,8.821246147155762
1839-01-01,8.76590633392334
1839-02-01,9.690633773803711
1839-03-01,10.378693103790283
1839-04-01,13.015302658081055
1839-05-01,15.46381425857544
1839-06-01,17.989941596984863
1839-07-01,19.524909019470215
1839-08-01,19.090685844421387
1839-09-01,16.107661247253418
1839-10-01,13.712430953979492
1839-11-01,10.571855068206787
1839-12-01,8.45102071762085
1840-01-01,8.342797756195068
1840-02-01,9.027515888214111
1840-03-01,10.476381301879883
1840-04-01,13.468891143798828
1840-05-01,16.390429496765137
1840-06-01,18.763249397277832
1840-07-01,20.144262313842773
1840-08-01,19.219602584838867
1840-09-01,16.694003105163574
1840-10-01,13.88728380203247
1840-11-01,11.032036304473877
1840-12-01,8.195321083068848
1841-01-01,7.372500419616699
1841-02-01,9.119036674499512
1841-03-01,10.536048412322998
1841-04-01,13.134021282196045
1841-05-01,16.43183994293213
1841-06-01,18.679039001464844
1841-07-01,20.182927131652832
1841-08-01,19.340255737304688
1841-09-01,16.982385635375977
1841-10-01,14.204010963439941
1841-11-01,11.172786712646484
1841-12-01,8.818387508392334
1842-01-01,7.829187870025635
1842-02-01,9.071089267730713
1842-03-01,11.646266460418701
1842-04-01,13.822192668914795
1842-05-01,15.890998363494873
1842-06-01,18.33090114593506
1842-07-01,19.529622077941895
1842-08-01,19.129237174987793
1842-09-01,16.58846664428711
1842-10-01,13.953712940216064
1842-11-01,10.856093883514404
1842-12-01,8.94264554977417
1843-01-01,8.405906200408936
1843-02-01,9.679559707641602
1843-03-01,10.623118877410889
1843-04-01,13.819053173065186
1843-05-01,16.125743865966797
1843-06-01,18.64887046813965
1843-07-01,19.960500717163086
1843-08-01,19.636645317077637
1843-09-01,17.302191734313965
1843-10-01,14.099535942077637
1843-11-01,11.068060874938965
1843-12-01,8.759507656097412
1844-01-01,7.638541221618652
1844-02-01,8.848673343658447
1844-03-01,10.998729228973389
1844-04-01,13.638599395751953
1844-05-01,16.32721710205078
1844-06-01,19.054192543029785
1844-07-01,20.54932975769043
1844-08-01,19.786873817443848
1844-09-01,17.316425323486328
1844-10-01,14.325903415679932
1844-11-01,11.146243572235107
1844-12-01,7.866442918777466
1845-01-01,8.06815767288208
1845-02-01,8.25623607635498
1845-03-01,10.795371055603027
1845-04-01,13.808884143829346
1845-05-01,16.607887268066406
1845-06-01,19.347926139831543
1845-07-01,20.932174682617188
1845-08-01,19.93851947784424
1845-09-01,17.233437538146973
1845-10-01,13.902120113372803
1845-11-01,10.918897151947021
1845-12-01,7.645994663238525
1846-01-01,8.330814361572266
1846-02-01,9.046656131744385
1846-03-01,11.265599727630615
1846-04-01,13.507901191711426
1846-05-01,16.75108242034912
1846-06-01,19.346914291381836
1846-07-01,20.886581420898438
1846-08-01,20.423434257507324
1846-09-01,17.774584770202637
1846-10-01,13.95861005783081
1846-11-01,10.94085693359375
1846-12-01,8.796571731567383
1847-01-01,7.953863859176636
1847-02-01,8.912821292877197
1847-03-01,10.411437511444092
1847-04-01,13.783134460449219
1847-05-01,16.410558700561523
1847-06-01,18.681283950805664
1847-07-01,20.505239486694336
1847-08-01,19.65767765045166
1847-09-01,17.333090782165527
1847-10-01,13.885342597961426
1847-11-01,11.244800090789795
1847-12-01,7.889852523803711
1848-01-01,6.78333306312561
1848-02-01,9.424361228942871
1848-03-01,10.882191181182861
1848-04-01,13.57078504562378
1848-05-01,16.77240753173828
1848-06-01,19.742465019226074
1848-07-01,21.02500057220459
1848-08-01,20.2539701461792
1848-09-01,17.068809509277344
1848-10-01,14.27640962600708
1848-11-01,10.551643371582031
1848-12-01,8.189759731292725
1849-01-01,7.628767490386963
1849-02-01,8.856449604034424
1849-03-01,11.097005844116211
1849-04-01,13.055291652679443
1849-05-01,16.43280792236328
1849-06-01,19.66696548461914
1849-07-01,21.180705070495605
1849-08-01,20.629594802856445
1849-09-01,17.43099308013916
1849-10-01,14.310422897338867
1849-11-01,11.280339241027832
1849-12-01,8.034308910369873
1850-01-01,7.227240085601807
1850-02-01,8.953801155090332
1850-03-01,10.65968370437622
1850-04-01,13.07086992263794
1850-05-01,16.184691429138184
1850-06-01,19.744977951049805
1850-07-01,21.366311073303223
1850-08-01,21.019639015197754
1850-09-01,17.722899436950684
1850-10-01,14.264576435089111
1850-11-01,11.074416637420654
1850-12-01,7.889852523803711
1851-01-01,7.971741437911987
1851-02-01,8.729182243347168
1851-03-01,10.67538070678711
1851-04-01,13.234483242034912
1851-05-01,16.777575492858887
1851-06-01,19.271385192871094
1851-07-01,20.779644012451172
1851-08-01,20.143815994262695
1851-09-01,17.9506196975708
1851-10-01,14.376821994781494
1851-11-01,10.851553440093994
1851-12-01,7.967666387557983
1852-01-01,7.222770929336548
1852-02-01,8.7536039352417
1852-03-01,10.434084415435791
1852-04-01,13.02500057220459
1852-05-01,16.62001132965088
1852-06-01,19.10269260406494
1852-07-01,20.587411880493164
1852-08-01,19.732068061828613
1852-09-01,17.508173942565918
1852-10-01,15.339330196380615
1852-11-01,11.560622215270996
1852-12-01,9.46575117111206
1853-01-01,7.79181432723999
1853-02-01,8.300691604614258
1853-03-01,10.917351722717285
1853-04-01,14.017470836639404
1853-05-01,16.54099941253662
1853-06-01,19.05165958404541
1853-07-01,20.75319194793701
1853-08-01,20.309021949768066
1853-09-01,17.725847244262695
1853-10-01,14.806873321533203
1853-11-01,11.551065444946289
1853-12-01,8.159465312957764
1854-01-01,7.64394474029541
1854-02-01,8.401875495910645
1854-03-01,11.031720638275146
1854-04-01,13.750013828277588
1854-05-01,16.953250885009766
1854-06-01,18.702810287475586
1854-07-01,20.755258560180664
1854-08-01,19.952967643737793
1854-09-01,17.767563819885254
1854-10-01,15.467983722686768
1854-11-01,11.249229431152344
1854-12-01,8.286317348480225
1855-01-01,7.18375563621521
1855-02-01,8.90170955657959
1855-03-01,10.887644290924072
1855-04-01,14.787357807159424
1855-05-01,17.221397399902344
1855-06-01,18.98022747039795
1855-07-01,20.115766525268555
1855-08-01,19.776832580566406
1855-09-01,17.449350357055664
1855-10-01,15.05811595916748
1855-11-01,12.146813869476318
1855-12-01,8.626453876495361
1856-01-01,7.953602313995361
1856-02-01,9.03994369506836
1856-03-01,11.136866569519043
1856-04-01,14.46170711517334
1856-05-01,16.59415912628174
1856-06-01,19.640888214111328
1856-07-01,20.852405548095703
1856-08-01,19.92683219909668
1856-09-01,17.431851387023926
1856-10-01,14.808709144592285
1856-11-01,11.248373031616211
1856-12-01,8.78462553024292
1857-01-01,7.737414836883545
1857-02-01,9.523820877075195
1857-03-01,11.495261192321777
1857-04-01,13.701707363128662
1857-05-01,15.668381214141846
1857-06-01,18.388434410095215
1857-07-01,20.183334350585938
1857-08-01,19.45981502532959
1857-09-01,17.272747039794922
1857-10-01,14.881263256072998
1857-11-01,11.997879981994629
1857-12-01,9.37020492553711
1858-01-01,7.962678670883179
1858-02-01,8.86402702331543
1858-03-01,11.53621530532837
1858-04-01,14.800568580627441
1858-05-01,16.189098358154297
1858-06-01,18.513766288757324
1858-07-01,19.888558387756348
1858-08-01,19.050297737121582
1858-09-01,17.139177322387695
1858-10-01,15.143776416778564
1858-11-01,11.779393196105957
1858-12-01,9.265203475952148
1859-01-01,7.596212863922119
1859-02-01,9.536923885345459
1859-03-01,11.653834342956543
1859-04-01,15.00478458404541
1859-05-01,16.62985610961914
1859-06-01,18.531516075134277
1859-07-01,20.03232192993164
1859-08-01,19.358176231384277
1859-09-01,17.37858772277832
1859-10-01,15.337587833404541
1859-11-01,12.366198062896729
1859-12-01,8.557677745819092
1860-01-01,8.807839393615723
1860-02-01,8.950252056121826
1860-03-01,10.99758768081665
1860-04-01,14.266200065612793
1860-05-01,16.172965049743652
1860-06-01,18.22781753540039
1860-07-01,19.551621437072754
1860-08-01,19.482257843017578
1860-09-01,17.562203407287598
1860-10-01,15.065844535827637
1860-11-01,11.393953323364258
1860-12-01,8.941853523254395
1861-01-01,7.679589033126831
1861-02-01,9.563736915588379
1861-03-01,11.566985607147217
1861-04-01,14.463615417480469
1861-05-01,15.745174407958984
1861-06-01,18.098857879638672
1861-07-01,19.872641563415527
1861-08-01,19.536962509155273
1861-09-01,17.2913875579834
1861-10-01,14.786603450775146
1861-11-01,12.58481216430664
1861-12-01,9.648437023162842
1862-01-01,8.412266731262207
1862-02-01,8.941349983215332
1862-03-01,11.704425811767578
1862-04-01,14.281941413879395
1862-05-01,16.19056224822998
1862-06-01,18.104076385498047
1862-07-01,19.42518424987793
1862-08-01,18.78787326812744
1862-09-01,16.92435646057129
1862-10-01,14.650792121887207
1862-11-01,11.180694580078125
1862-12-01,8.525821208953857
1863-01-01,8.490241527557373
1863-02-01,9.181140422821045
1863-03-01,11.762335777282715
1863-04-01,14.217301368713379
1863-05-01,16.666608810424805
1863-06-01,18.299747467041016
1863-07-01,19.79049587249756
1863-08-01,19.1776065826416
1863-09-01,17.217853546142578
1863-10-01,14.352054595947266
1863-11-01,11.593189239501953
1863-12-01,8.519157409667969
1864-01-01,7.029222726821899
1864-02-01,9.24788761138916
1864-03-01,11.340655326843262
1864-04-01,13.976280212402344
1864-05-01,16.206233024597168
1864-06-01,18.557212829589844
1864-07-01,19.804617881774902
1864-08-01,19.315406799316406
1864-09-01,17.381860733032227
1864-10-01,14.886977195739746
1864-11-01,11.728675842285156
1864-12-01,8.475692749023438
1865-01-01,8.876400470733643
1865-02-01,9.47303581237793
1865-03-01,11.140515804290771
1865-04-01,14.381268501281738
1865-05-01,16.435016632080078
1865-06-01,18.421666145324707
1865-07-01,20.06204319000244
1865-08-01,19.62571620941162
1865-09-01,17.983396530151367
1865-10-01,15.589417457580566
1865-11-01,12.29258108139038
1865-12-01,8.448228359222412
1866-01-01,8.625701427459717
1866-02-01,9.670855045318604
1866-03-01,11.633296012878418
1866-04-01,14.299265384674072
1866-05-01,16.16452121734619
1866-06-01,18.437729835510254
1866-07-01,20.747272491455078
1866-08-01,19.318317413330078
1866-09-01,17.53016757965088
1866-10-01,15.074950218200684
1866-11-01,11.855712413787842
1866-12-01,9.713959217071533
1867-01-01,8.71942138671875
1867-02-01,9.979998111724854
1867-03-01,11.758948802947998
1867-04-01,14.850151538848877
1867-05-01,16.14036273956299
1867-06-01,18.584348678588867
1867-07-01,20.291110038757324
1867-08-01,19.643603324890137
1867-09-01,17.657769203186035
1867-10-01,15.495476245880127
1867-11-01,12.218507289886475
1867-12-01,9.503236770629883
1868-01-01,7.993653059005737
1868-02-01,8.894266605377197
1868-03-01,11.6410813331604
1868-04-01,14.332077980041504
1868-05-01,16.449034690856934
1868-06-01,18.675174713134766
1868-07-01,20.54128932952881
1868-08-01,19.58580493927002
1868-09-01,17.543962478637695
1868-10-01,15.878745555877686
1868-11-01,11.427987098693848
1868-12-01,9.478082656860352
1869-01-01,8.319115161895752
1869-02-01,9.783113479614258
1869-03-01,11.072057247161865
1869-04-01,14.030553340911865
1869-05-01,16.678190231323242
1869-06-01,18.88331699371338
1869-07-01,20.265860557556152
1869-08-01,19.977100372314453
1869-09-01,17.885793685913086
1869-10-01,14.884801387786865
1869-11-01,11.623522281646729
1869-12-01,8.48219108581543
1870-01-01,8.2586350440979
1870-02-01,9.427566051483154
1870-03-01,11.555566787719727
1870-04-01,14.479761600494385
1870-05-01,16.95351219177246
1870-06-01,19.372779846191406
1870-07-01,20.6695556640625
1870-08-01,19.477274894714355
1870-09-01,18.0401668548584
1870-10-01,15.525144577026367
1870-11-01,12.152674198150635
1870-12-01,8.376405239105225
1871-01-01,7.829781770706177
1871-02-01,9.394735336303711
1871-03-01,11.755960941314697
1871-04-01,15.082194805145264
1871-05-01,16.57455539703369
1871-06-01,18.776309967041016
1871-07-01,20.564576148986816
1871-08-01,20.240260124206543
1871-09-01,17.67055034637451
1871-10-01,15.5460844039917
1871-11-01,11.678899765014648
1871-12-01,8.505980014801025
1872-01-01,7.993164300918579
1872-02-01,9.334449768066406
1872-03-01,11.704637050628662
1872-04-01,14.784850597381592
1872-05-01,17.013351440429688
1872-06-01,18.559316635131836
1872-07-01,20.16092300415039
1872-08-01,19.821036338806152
1872-09-01,18.076987266540527
1872-10-01,15.507530212402344
1872-11-01,11.722412109375
1872-12-01,9.208993911743164
1873-01-01,8.351698398590088
1873-02-01,9.466338157653809
1873-03-01,12.137411117553711
1873-04-01,14.479644298553467
1873-05-01,16.649145126342773
1873-06-01,18.798264503479004
1873-07-01,20.24165153503418
1873-08-01,19.794102668762207
1873-09-01,17.626940727233887
1873-10-01,15.491772651672363
1873-11-01,12.222879886627197
1873-12-01,9.122045040130615
1874-01-01,8.384775161743164
1874-02-01,9.426073551177979
1874-03-01,10.489428043365479
1874-04-01,14.540384292602539
1874-05-01,16.56489372253418
1874-06-01,18.767566680908203
1874-07-01,20.167797088623047
1874-08-01,19.83738613128662
1874-09-01,18.06689167022705
1874-10-01,15.452225685119629
1874-11-01,12.036697387695312
1874-12-01,9.374284744262695
1875-01-01,7.835248947143555
1875-02-01,9.194154262542725
1875-03-01,11.376990795135498
1875-04-01,14.252943992614746
1875-05-01,16.674473762512207
1875-06-01,19.0672607421875
1875-07-01,20.143815994262695
1875-08-01,19.698023796081543
1875-09-01,17.48066997528076
1875-10-01,15.44133996963501
1875-11-01,12.138691425323486
1875-12-01,8.89040470123291
1876-01-01,8.146669864654541
1876-02-01,9.930325508117676
1876-03-01,11.574394226074219
1876-04-01,14.898612022399902
1876-05-01,16.417658805847168
1876-06-01,18.700632095336914
1876-07-01,20.36660385131836
1876-08-01,19.87785530090332
1876-09-01,18.11135959625244
1876-10-01,15.463654041290283
1876-11-01,11.444521427154541
1876-12-01,9.1522536277771
1877-01-01,8.74464750289917
1877-02-01,9.674116611480713
1877-03-01,12.211913585662842
1877-04-01,14.985649585723877
1877-05-01,16.20008087158203
1877-06-01,18.74081039428711
1877-07-01,20.554451942443848
1877-08-01,20.291603088378906
1877-09-01,18.214768409729004
1877-10-01,15.541991710662842
1877-11-01,12.050117492675781
1877-12-01,8.908827781677246
1878-01-01,7.5824079513549805
1878-02-01,9.248799324035645
1878-03-01,12.326404571533203
1878-04-01,15.165820121765137
1878-05-01,16.405410766601562
1878-06-01,18.905776023864746
1878-07-01,20.702896118164062
1878-08-01,20.15322780609131
1878-09-01,18.407773971557617
1878-10-01,15.776969909667969
1878-11-01,12.48620080947876
1878-12-01,9.065664768218994
1879-01-01,8.741149425506592
1879-02-01,10.39669132232666
1879-03-01,12.206793308258057
1879-04-01,14.818150520324707
1879-05-01,16.369970321655273
1879-06-01,18.481082916259766
1879-07-01,20.13999080657959
1879-08-01,19.35631561279297
1879-09-01,17.366127967834473
1879-10-01,15.754360675811768
1879-11-01,12.234672546386719
1879-12-01,8.899177074432373
1880-01-01,8.145238876342773
1880-02-01,9.06269121170044
1880-03-01,11.558771133422852
1880-04-01,14.266061305999756
1880-05-01,16.662954330444336
1880-06-01,18.218109130859375
1880-07-01,19.767727851867676
1880-08-01,19.582690238952637
1880-09-01,17.534971237182617
1880-10-01,15.32880163192749
1880-11-01,11.419578552246094
1880-12-01,8.95113754272461
1881-01-01,8.220919132232666
1881-02-01,9.980482578277588
1881-03-01,11.995886325836182
1881-04-01,14.943044662475586
1881-05-01,16.87238883972168
1881-06-01,17.57710838317871
1881-07-01,19.762274742126465
1881-08-01,19.59969711303711
1881-09-01,17.977689743041992
1881-10-01,15.662198543548584
1881-11-01,11.77785873413086
1881-12-01,8.950465679168701
1882-01-01,8.49949312210083
1882-02-01,9.258753776550293
1882-03-01,11.999040603637695
1882-04-01,14.22134017944336
1882-05-01,16.2907133102417
1882-06-01,17.699753761291504
1882-07-01,19.462369918823242
1882-08-01,19.786758422851562
1882-09-01,17.877860069274902
1882-10-01,15.509852409362793
1882-11-01,11.862532138824463
1882-12-01,8.948595523834229
1883-01-01,7.961410284042358
1883-02-01,9.051024913787842
1883-03-01,11.28003978729248
1883-04-01,14.425137042999268
1883-05-01,16.368069648742676
1883-06-01,18.594690322875977
1883-07-01,19.69894504547119
1883-08-01,19.28939723968506
1883-09-01,17.588354110717773
1883-10-01,15.480859279632568
1883-11-01,11.716355800628662
1883-12-01,8.90969705581665
1884-01-01,7.930396556854248
1884-02-01,9.50822401046753
1884-03-01,11.27349042892456
1884-04-01,14.132097721099854
1884-05-01,15.889132022857666
1884-06-01,17.746990203857422
1884-07-01,18.952417373657227
1884-08-01,19.096500396728516
1884-09-01,17.684515953063965
1884-10-01,15.139404773712158
1884-11-01,11.093371391296387
1884-12-01,8.820027828216553
1885-01-01,6.969756364822388
1885-02-01,9.23258352279663
1885-03-01,11.496113777160645
1885-04-01,14.02179765701294
1885-05-01,16.520374298095703
1885-06-01,18.154499053955078
1885-07-01,19.8709716796875
1885-08-01,19.301579475402832
1885-09-01,17.913058280944824
1885-10-01,15.342592239379883
1885-11-01,11.95699167251587
1885-12-01,9.167821884155273
1886-01-01,7.43111252784729
1886-02-01,8.486085891723633
1886-03-01,11.269842147827148
1886-04-01,14.177305221557617
1886-05-01,16.438414573669434
1886-06-01,18.16410732269287
1886-07-01,19.67343044281006
1886-08-01,19.423452377319336
1886-09-01,17.707046508789062
1886-10-01,15.087361335754395
1886-11-01,11.51447343826294
1886-12-01,8.916274547576904
1887-01-01,7.460618019104004
1887-02-01,8.741819381713867
1887-03-01,11.952494144439697
1887-04-01,14.513235569000244
1887-05-01,16.56296443939209
1887-06-01,17.940622329711914
1887-07-01,19.648059844970703
1887-08-01,19.119468688964844
1887-09-01,18.203441619873047
1887-10-01,15.273749828338623
1887-11-01,11.803753852844238
1887-12-01,8.621153354644775
1888-01-01,7.845125675201416
1888-02-01,9.25262975692749
1888-03-01,11.534934043884277
1888-04-01,15.097296714782715
1888-05-01,16.327454566955566
1888-06-01,18.104573249816895
1888-07-01,19.634072303771973
1888-08-01,19.457026481628418
1888-09-01,17.836454391479492
1888-10-01,15.751405239105225
1888-11-01,11.915590763092041
1888-12-01,9.537983417510986
1889-01-01,7.443342208862305
1889-02-01,9.295658588409424
1889-03-01,11.692323684692383
1889-04-01,14.744004249572754
1889-05-01,16.605300903320312
1889-06-01,18.497594833374023
1889-07-01,19.802501678466797
1889-08-01,19.572940826416016
1889-09-01,17.684892654418945
1889-10-01,15.435363292694092
1889-11-01,11.345881938934326
1889-12-01,9.43737268447876
1890-01-01,8.80646800994873
1890-02-01,9.514506816864014
1890-03-01,11.1473970413208
1890-04-01,14.91545057296753
1890-05-01,16.36561679840088
1890-06-01,18.16853904724121
1890-07-01,19.921091079711914
1890-08-01,19.406911849975586
1890-09-01,17.85197925567627
1890-10-01,15.13705062866211
1890-11-01,12.168739795684814
1890-12-01,9.079878807067871
1891-01-01,7.209179878234863
1891-02-01,8.497077465057373
1891-03-01,11.102081298828125
1891-04-01,14.329203128814697
1891-05-01,16.455583572387695
1891-06-01,17.76458168029785
1891-07-01,19.381372451782227
1891-08-01,19.22782802581787
1891-09-01,17.879122734069824
1891-10-01,15.308870792388916
1891-11-01,12.052900791168213
1891-12-01,9.45697021484375
1892-01-01,8.315534114837646
1892-02-01,10.063941955566406
1892-03-01,11.292196273803711
1892-04-01,14.44998025894165
1892-05-01,16.133790016174316
1892-06-01,18.526090621948242
1892-07-01,19.58737277984619
1892-08-01,19.495487213134766
1892-09-01,18.014103889465332
1892-10-01,15.300106048583984
1892-11-01,12.045796394348145
1892-12-01,8.825109481811523
1893-01-01,7.182440519332886
1893-02-01,8.924603939056396
1893-03-01,11.597662925720215
1893-04-01,14.654086589813232
1893-05-01,15.982436180114746
1893-06-01,18.158309936523438
1893-07-01,19.680145263671875
1893-08-01,19.460859298706055
1893-09-01,17.889198303222656
1893-10-01,15.012571334838867
1893-11-01,11.91387414932251
1893-12-01,9.418002128601074
1894-01-01,7.7323362827301025
1894-02-01,8.851822853088379
1894-03-01,11.583358764648438
1894-04-01,14.558336734771729
1894-05-01,16.258493423461914
1894-06-01,17.908180236816406
1894-07-01,19.57681655883789
1894-08-01,19.477018356323242
1894-09-01,17.50770092010498
1894-10-01,15.463785648345947
1894-11-01,12.380470752716064
1894-12-01,9.018919467926025
1895-01-01,7.804537773132324
1895-02-01,9.406495094299316
1895-03-01,11.382741928100586
1895-04-01,15.163265705108643
1895-05-01,16.099964141845703
1895-06-01,17.93510627746582
1895-07-01,19.458447456359863
1895-08-01,19.51147747039795
1895-09-01,18.122471809387207
1895-10-01,15.358820915222168
1895-11-01,12.063315868377686
1895-12-01,9.56720495223999
1896-01-01,8.416667938232422
1896-02-01,9.115709781646729
1896-03-01,11.668048858642578
1896-04-01,14.536024570465088
1896-05-01,16.40079689025879
1896-06-01,18.488879203796387
1896-07-01,19.597525596618652
1896-08-01,19.613289833068848
1896-09-01,17.886207580566406
1896-10-01,15.59240436553955
1896-11-01,11.881711483001709
1896-12-01,9.31414270401001
1897-01-01,8.123517036437988
1897-02-01,9.72775650024414
1897-03-01,12.318891525268555
1897-04-01,14.662186622619629
1897-05-01,16.870201110839844
1897-06-01,18.209537506103516
1897-07-01,19.804003715515137
1897-08-01,19.660873413085938
1897-09-01,18.46017837524414
1897-10-01,15.756032466888428
1897-11-01,12.27657175064087
1897-12-01,8.730264663696289
1898-01-01,8.442865371704102
1898-02-01,9.6984224319458
1898-03-01,11.269750595092773
1898-04-01,14.298701286315918
1898-05-01,16.280142784118652
1898-06-01,18.150714874267578
1898-07-01,19.626429557800293
1898-08-01,19.39326572418213
1898-09-01,17.976391792297363
1898-10-01,15.418818950653076
1898-11-01,11.798256874084473
1898-12-01,8.63968276977539
1899-01-01,8.402369976043701
1899-02-01,9.563868999481201
1899-03-01,12.201727867126465
1899-04-01,15.063303470611572
1899-05-01,16.796162605285645
1899-06-01,17.95553970336914
1899-07-01,19.467973709106445
1899-08-01,19.492375373840332
1899-09-01,18.405640602111816
1899-10-01,15.501965999603271
1899-11-01,12.255908966064453
1899-12-01,9.273234844207764
1900-01-01,8.244510650634766
1900-02-01,9.894012451171875
1900-03-01,11.743364810943604
1900-04-01,14.458349704742432
1900-05-01,16.88070011138916
1900-06-01,18.67259120941162
1900-07-01,19.875125885009766
1900-08-01,19.861281394958496
1900-09-01,17.84859561920166
1900-10-01,16.20222759246826
1900-11-01,12.413861751556396
1900-12-01,9.648651123046875
1901-01-01,8.576722145080566
1901-02-01,8.657413482666016
1901-03-01,11.990248203277588
1901-04-01,14.740146160125732
1901-05-01,16.334869384765625
1901-06-01,18.503073692321777
1901-07-01,19.875794410705566
1901-08-01,19.8053560256958
1901-09-01,18.036327362060547
1901-10-01,15.564383029937744
1901-11-01,12.055103302001953
1901-12-01,9.513309001922607
1902-01-01,8.567407131195068
1902-02-01,9.784362316131592
1902-03-01,12.174453735351562
1902-04-01,14.889696598052979
1902-05-01,16.59337329864502
1902-06-01,18.293840408325195
1902-07-01,19.662464141845703
1902-08-01,19.197827339172363
1902-09-01,17.563907623291016
1902-10-01,15.603840351104736
1902-11-01,12.770359992980957
1902-12-01,9.251294612884521
1903-01-01,8.039191722869873
1903-02-01,9.137640476226807
1903-03-01,11.766005039215088
1903-04-01,14.296070575714111
1903-05-01,16.226890563964844
1903-06-01,17.926403045654297
1903-07-01,19.388026237487793
1903-08-01,19.391218185424805
1903-09-01,17.611435890197754
1903-10-01,15.340389728546143
1903-11-01,11.893471717834473
1903-12-01,8.709368228912354
1904-01-01,7.772665023803711
1904-02-01,10.242375373840332
1904-03-01,11.77384901046753
1904-04-01,14.5005521774292
1904-05-01,16.357919692993164
1904-06-01,18.01017189025879
1904-07-01,19.218562126159668
1904-08-01,19.24890899658203
1904-09-01,17.587254524230957
1904-10-01,15.298870086669922
1904-11-01,11.925864696502686
1904-12-01,9.182692050933838
1905-01-01,7.659305095672607
1905-02-01,7.714417457580566
1905-03-01,11.771645069122314
1905-04-01,14.348124504089355
1905-05-01,16.436628341674805
1905-06-01,18.321361541748047
1905-07-01,19.68037700653076
1905-08-01,19.516545295715332
1905-09-01,17.96469211578369
1905-10-01,15.440284729003906
1905-11-01,12.593544483184814
1905-12-01,8.750169277191162
1906-01-01,8.413104057312012
1906-02-01,8.745500087738037
1906-03-01,11.386627674102783
1906-04-01,14.46666431427002
1906-05-01,17.078940391540527
1906-06-01,18.607157707214355
1906-07-01,19.711581230163574
1906-08-01,19.37523365020752
1906-09-01,17.616646766662598
1906-10-01,15.356240272521973
1906-11-01,12.033632755279541
1906-12-01,9.4923095703125
1907-01-01,8.633273601531982
1907-02-01,9.051881313323975
1907-03-01,11.807709217071533
1907-04-01,14.290778160095215
1907-05-01,16.09711742401123
1907-06-01,17.873642921447754
1907-07-01,19.23868751525879
1907-08-01,19.169543266296387
1907-09-01,17.77682590484619
1907-10-01,15.228651523590088
1907-11-01,11.787836074829102
1907-12-01,9.478912830352783
1908-01-01,8.772184371948242
1908-02-01,9.161505222320557
1908-03-01,11.996328353881836
1908-04-01,14.080379486083984
1908-05-01,16.527907371520996
1908-06-01,18.126879692077637
1908-07-01,19.477089881896973
1908-08-01,19.333388328552246
1908-09-01,17.9590482711792
1908-10-01,15.022886753082275
1908-11-01,12.130142211914062
1908-12-01,9.419540405273438
1909-01-01,8.311169624328613
1909-02-01,9.10262155532837
1909-03-01,11.897206783294678
1909-04-01,15.076035499572754
1909-05-01,16.08187484741211
1909-06-01,17.955330848693848
1909-07-01,19.55278491973877
1909-08-01,19.77466583251953
1909-09-01,18.323989868164062
1909-10-01,15.526628017425537
1909-11-01,13.243629455566406
1909-12-01,9.293113231658936
1910-01-01,8.560643196105957
1910-02-01,9.511888980865479
1910-03-01,11.86354112625122
1910-04-01,14.212871074676514
1910-05-01,16.4466552734375
1910-06-01,18.27070426940918
1910-07-01,19.830623626708984
1910-08-01,19.46025276184082
1910-09-01,17.925933837890625
1910-10-01,15.309777736663818
1910-11-01,12.36282730102539
1910-12-01,9.097640991210938
1911-01-01,7.738742113113403
1911-02-01,9.098541736602783
1911-03-01,11.48133659362793
1911-04-01,14.390328884124756
1911-05-01,16.34208583831787
1911-06-01,17.968902587890625
1911-07-01,19.613024711608887
1911-08-01,19.205628395080566
1911-09-01,17.972512245178223
1911-10-01,15.165235042572021
1911-11-01,11.931120872497559
1911-12-01,9.797393798828125
1912-01-01,8.282492637634277
1912-02-01,10.308372974395752
1912-03-01,12.02818489074707
1912-04-01,14.551306247711182
1912-05-01,16.55451202392578
1912-06-01,18.39850902557373
1912-07-01,18.9163875579834
1912-08-01,18.81369400024414
1912-09-01,17.50601577758789
1912-10-01,15.471668243408203
1912-11-01,11.136228084564209
1912-12-01,8.934442043304443
1913-01-01,8.963407516479492
1913-02-01,8.918365478515625
1913-03-01,11.27790117263794
1913-04-01,14.250558853149414
1913-05-01,16.070669174194336
1913-06-01,17.643513679504395
1913-07-01,19.30023765563965
1913-08-01,19.60952663421631
1913-09-01,17.8201322555542
1913-10-01,15.526851654052734
1913-11-01,12.638569355010986
1913-12-01,9.031533241271973
1914-01-01,9.080545902252197
1914-02-01,9.855782985687256
1914-03-01,12.234652042388916
1914-04-01,14.711814403533936
1914-05-01,16.884995460510254
1914-06-01,18.27727508544922
1914-07-01,19.872413635253906
1914-08-01,19.426350593566895
1914-09-01,18.033013343811035
1914-10-01,15.970601558685303
1914-11-01,12.10358476638794
1914-12-01,8.894595623016357
1915-01-01,8.734409809112549
1915-02-01,9.77957534790039
1915-03-01,11.804080963134766
1915-04-01,14.5797119140625
1915-05-01,16.486327171325684
1915-06-01,18.386159896850586
1915-07-01,19.87756061553955
1915-08-01,19.295001983642578
1915-09-01,18.098567008972168
1915-10-01,15.571731090545654
1915-11-01,12.68775224685669
1915-12-01,9.923058032989502
1916-01-01,9.26867389678955
1916-02-01,9.748546123504639
1916-03-01,12.274642944335938
1916-04-01,14.768654823303223
1916-05-01,16.86474895477295
1916-06-01,18.032512664794922
1916-07-01,19.607908248901367
1916-08-01,19.500328063964844
1916-09-01,17.746386528015137
1916-10-01,15.176815509796143
1916-11-01,11.964085102081299
1916-12-01,9.676796913146973
1917-01-01,8.526987075805664
1917-02-01,9.43296766281128
1917-03-01,11.228706359863281
1917-04-01,14.611295700073242
1917-05-01,15.706889629364014
1917-06-01,18.166017532348633
1917-07-01,19.720547676086426
1917-08-01,19.37126922607422
1917-09-01,17.92992115020752
1917-10-01,15.050502300262451
1917-11-01,12.027799606323242
1917-12-01,7.945577144622803
1918-01-01,7.684983730316162
1918-02-01,9.684172630310059
1918-03-01,11.734714984893799
1918-04-01,14.17011022567749
1918-05-01,16.108638763427734
1918-06-01,18.258538246154785
1918-07-01,19.334525108337402
1918-08-01,19.238618850708008
1918-09-01,18.091418266296387
1918-10-01,15.878005504608154
1918-11-01,11.703594207763672
1918-12-01,9.704573631286621
1919-01-01,8.70200490951538
1919-02-01,9.81535530090332
1919-03-01,12.41529655456543
1919-04-01,15.431081771850586
1919-05-01,16.53719711303711
1919-06-01,18.423298835754395
1919-07-01,19.697476387023926
1919-08-01,19.43389320373535
1919-09-01,18.108738899230957
1919-10-01,15.655390739440918
1919-11-01,12.16068696975708
1919-12-01,9.082594871520996
1920-01-01,8.917264938354492
1920-02-01,9.201755046844482
1920-03-01,11.66874647140503
1920-04-01,14.566559791564941
1920-05-01,16.943532943725586
1920-06-01,18.36075210571289
1920-07-01,19.86213779449463
1920-08-01,19.555465698242188
1920-09-01,17.94093418121338
1920-10-01,15.730875492095947
1920-11-01,11.85999870300293
1920-12-01,8.830652236938477
1921-01-01,9.021247386932373
1921-02-01,9.533693313598633
1921-03-01,12.133463859558105
1921-04-01,14.65770435333252
1921-05-01,17.281384468078613
1921-06-01,18.73735237121582
1921-07-01,20.196807861328125
1921-08-01,19.535653114318848
1921-09-01,17.97704315185547
1921-10-01,15.511847019195557
1921-11-01,12.491009712219238
1921-12-01,9.716100692749023
1922-01-01,8.416237354278564
1922-02-01,10.038939476013184
1922-03-01,11.9484543800354
1922-04-01,15.239202499389648
1922-05-01,16.909045219421387
1922-06-01,18.431681632995605
1922-07-01,19.76000690460205
1922-08-01,19.727581024169922
1922-09-01,18.194451332092285
1922-10-01,15.615729808807373
1922-11-01,12.161672115325928
1922-12-01,9.430714130401611
1923-01-01,8.759541511535645
1923-02-01,9.583425045013428
1923-03-01,11.965151309967041
1923-04-01,14.240015029907227
1923-05-01,16.847928047180176
1923-06-01,18.384860038757324
1923-07-01,19.553767204284668
1923-08-01,19.386250495910645
1923-09-01,17.948486328125
1923-10-01,15.4874587059021
1923-11-01,12.392283916473389
1923-12-01,9.40957260131836
1924-01-01,8.407919883728027
1924-02-01,9.153167724609375
1924-03-01,11.47159481048584
1924-04-01,14.713300704956055
1924-05-01,16.638072967529297
1924-06-01,18.604456901550293
1924-07-01,19.776509284973145
1924-08-01,19.265661239624023
1924-09-01,17.94538688659668
1924-10-01,15.536537170410156
1924-11-01,12.39274549484253
1924-12-01,9.119301795959473
1925-01-01,7.546056509017944
1925-02-01,9.470494270324707
1925-03-01,12.179043769836426
1925-04-01,14.432231426239014
1925-05-01,16.20390510559082
1925-06-01,17.990748405456543
1925-07-01,19.35302448272705
1925-08-01,19.54386043548584
1925-09-01,18.006507873535156
1925-10-01,15.481146812438965
1925-11-01,12.351358413696289
1925-12-01,9.663419246673584
1926-01-01,8.738928318023682
1926-02-01,10.97403335571289
1926-03-01,11.742402076721191
1926-04-01,14.460928916931152
1926-05-01,16.445380210876465
1926-06-01,18.215657234191895
1926-07-01,19.42411231994629
1926-08-01,19.41784381866455
1926-09-01,18.147140502929688
1926-10-01,15.803627490997314
1926-11-01,12.228019714355469
1926-12-01,9.39346694946289
1927-01-01,8.66661262512207
1927-02-01,9.604525566101074
1927-03-01,11.806445598602295
1927-04-01,14.952385902404785
1927-05-01,16.427770614624023
1927-06-01,18.1639461517334
1927-07-01,19.627302169799805
1927-08-01,19.26817512512207
1927-09-01,18.48743438720703
1927-10-01,16.382339477539062
1927-11-01,13.33690357208252
1927-12-01,9.499517917633057
1928-01-01,8.515972137451172
1928-02-01,9.609525680541992
1928-03-01,11.897113800048828
1928-04-01,15.13387393951416
1928-05-01,16.40341567993164
1928-06-01,17.845495223999023
1928-07-01,19.752912521362305
1928-08-01,19.45839786529541
1928-09-01,18.03034019470215
1928-10-01,15.647839546203613
1928-11-01,12.297091484069824
1928-12-01,8.897475242614746
1929-01-01,8.24574089050293
1929-02-01,8.815427303314209
1929-03-01,11.879692077636719
1929-04-01,15.466395854949951
1929-05-01,16.494887351989746
1929-06-01,18.21960735321045
1929-07-01,19.608928680419922
1929-08-01,19.62604808807373
1929-09-01,17.861404418945312
1929-10-01,15.470151901245117
1929-11-01,12.005698204040527
1929-12-01,9.449246883392334
1930-01-01,8.136399269104004
1930-02-01,10.156195163726807
1930-03-01,11.94364070892334
1930-04-01,14.829249382019043
1930-05-01,16.651094436645508
1930-06-01,18.49160861968994
1930-07-01,19.811762809753418
1930-08-01,19.741951942443848
1930-09-01,17.92161273956299
1930-10-01,15.4789137840271
1930-11-01,12.473522186279297
1930-12-01,9.661905765533447
1931-01-01,8.854235649108887
1931-02-01,9.295897006988525
1931-03-01,11.980406284332275
1931-04-01,14.426875591278076
1931-05-01,16.343059539794922
1931-06-01,18.866539001464844
1931-07-01,20.2360782623291
1931-08-01,19.79361915588379
1931-09-01,18.438339233398438
1931-10-01,15.811835765838623
1931-11-01,12.794509887695312
1931-12-01,9.123162746429443
1932-01-01,8.863287925720215
1932-02-01,9.52733039855957
1932-03-01,11.77077054977417
1932-04-01,15.207685470581055
1932-05-01,16.70148277282715
1932-06-01,18.303279876708984
1932-07-01,19.785849571228027
1932-08-01,19.48091220855713
1932-09-01,18.015586853027344
1932-10-01,15.649273872375488
1932-11-01,12.31544828414917
1932-12-01,8.824838638305664
1933-01-01,8.271776676177979
1933-02-01,9.49021577835083
1933-03-01,11.425690174102783
1933-04-01,14.589869022369385
1933-05-01,16.62403678894043
1933-06-01,18.169782638549805
1933-07-01,19.894082069396973
1933-08-01,19.544963836669922
1933-09-01,18.148253440856934
1933-10-01,15.781847476959229
1933-11-01,12.426578044891357
1933-12-01,9.71749210357666
1934-01-01,7.884641170501709
1934-02-01,9.100668907165527
1934-03-01,11.682451248168945
1934-04-01,14.152820587158203
1934-05-01,17.401938438415527
1934-06-01,18.409160614013672
1934-07-01,19.612812042236328
1934-08-01,19.48755645751953
1934-09-01,17.86832046508789
1934-10-01,15.335404396057129
1934-11-01,12.42257833480835
1934-12-01,10.23589277267456
1935-01-01,8.091875076293945
1935-02-01,9.617730140686035
1935-03-01,12.7474684715271
1935-04-01,14.560222625732422
1935-05-01,16.13552474975586
1935-06-01,18.265820503234863
1935-07-01,19.842744827270508
1935-08-01,19.51715850830078
1935-09-01,18.037968635559082
1935-10-01,15.893653869628906
1935-11-01,12.299710750579834
1935-12-01,9.379945278167725
1936-01-01,9.155995845794678
1936-02-01,10.085370540618896
1936-03-01,12.017755508422852
1936-04-01,14.814364433288574
1936-05-01,16.35784912109375
1936-06-01,18.58313751220703
1936-07-01,20.196398735046387
1936-08-01,19.585021018981934
1936-09-01,17.977116584777832
1936-10-01,15.664053440093994
1936-11-01,12.18293809890747
1936-12-01,9.159004211425781
1937-01-01,8.610426425933838
1937-02-01,10.380276679992676
1937-03-01,11.742849349975586
1937-04-01,14.482965469360352
1937-05-01,16.71903419494629
1937-06-01,18.19394302368164
1937-07-01,20.01088237762451
1937-08-01,20.0257511138916
1937-09-01,18.724491119384766
1937-10-01,15.754441261291504
1937-11-01,12.646223545074463
1937-12-01,9.382984638214111
1938-01-01,8.48744249343872
1938-02-01,9.630159378051758
1938-03-01,11.894119262695312
1938-04-01,15.28275203704834
1938-05-01,16.83509635925293
1938-06-01,18.3267822265625
1938-07-01,20.11301040649414
1938-08-01,19.956256866455078
1938-09-01,18.437275886535645
1938-10-01,16.290261268615723
1938-11-01,12.406961441040039
1938-12-01,9.52688455581665
1939-01-01,9.397174835205078
1939-02-01,9.722506999969482
1939-03-01,11.462419986724854
1939-04-01,14.129857063293457
1939-05-01,17.173367500305176
1939-06-01,18.54077911376953
1939-07-01,19.926589965820312
1939-08-01,19.990023612976074
1939-09-01,17.805502891540527
1939-10-01,16.08153533935547
1939-11-01,12.234845161437988
1939-12-01,10.12986421585083
1940-01-01,8.19159460067749
1940-02-01,10.287167072296143
1940-03-01,11.86628246307373
1940-04-01,14.819267749786377
1940-05-01,16.24742031097412
1940-06-01,18.519783973693848
1940-07-01,19.93233299255371
1940-08-01,19.5728120803833
1940-09-01,18.165512084960938
1940-10-01,16.29981803894043
1940-11-01,12.553946495056152
1940-12-01,9.501450061798096
1941-01-01,9.146255493164062
1941-02-01,10.56563663482666
1941-03-01,12.159685134887695
1941-04-01,15.162008285522461
1941-05-01,16.772241592407227
1941-06-01,18.388120651245117
1941-07-01,19.957897186279297
1941-08-01,19.56453227996826
1941-09-01,17.814658164978027
1941-10-01,16.132326126098633
1941-11-01,12.21906852722168
1941-12-01,9.281439781188965
1942-01-01,7.785125017166138
1942-02-01,8.867719173431396
1942-03-01,12.447413444519043
1942-04-01,14.958189964294434
1942-05-01,16.651991844177246
1942-06-01,18.582582473754883
1942-07-01,19.463844299316406
1942-08-01,19.793901443481445
1942-09-01,18.038516998291016
1942-10-01,15.940116882324219
1942-11-01,13.331740856170654
1942-12-01,9.83579158782959
1943-01-01,8.83194351196289
1943-02-01,9.843142986297607
1943-03-01,11.519533157348633
1943-04-01,14.684399604797363
1943-05-01,16.94899082183838
1943-06-01,17.973225593566895
1943-07-01,19.81771755218506
1943-08-01,19.700069427490234
1943-09-01,17.916948318481445
1943-10-01,15.870737075805664
1943-11-01,12.10951566696167
1943-12-01,9.899903297424316
1944-01-01,8.600109100341797
1944-02-01,9.5301513671875
1944-03-01,12.431641578674316
1944-04-01,14.568423748016357
1944-05-01,16.635424613952637
1944-06-01,18.556779861450195
1944-07-01,19.74871063232422
1944-08-01,19.945907592773438
1944-09-01,18.56452465057373
1944-10-01,15.823912143707275
1944-11-01,12.656377792358398
1944-12-01,8.431782722473145
1945-01-01,7.661911249160767
1945-02-01,9.657156944274902
1945-03-01,12.038150787353516
1945-04-01,15.429136276245117
1945-05-01,16.529863357543945
1945-06-01,17.994391441345215
1945-07-01,19.439289093017578
1945-08-01,20.021489143371582
1945-09-01,18.396992683410645
1945-10-01,15.856294631958008
1945-11-01,13.386894702911377
1945-12-01,9.451630592346191
1946-01-01,8.464633464813232
1946-02-01,10.291687488555908
1946-03-01,12.211185455322266
1946-04-01,15.537221908569336
1946-05-01,16.802637100219727
1946-06-01,18.466934204101562
1946-07-01,19.88270854949951
1946-08-01,19.789673805236816
1946-09-01,18.793259620666504
1946-10-01,15.833939552307129
1946-11-01,12.835933208465576
1946-12-01,9.265547275543213
1947-01-01,8.750883102416992
1947-02-01,9.682140350341797
1947-03-01,12.908247947692871
1947-04-01,15.38111686706543
1947-05-01,16.681716918945312
1947-06-01,18.37441349029541
1947-07-01,19.86857318878174
1947-08-01,19.659228324890137
1947-09-01,17.998699188232422
1947-10-01,16.04663848876953
1947-11-01,12.925230026245117
1947-12-01,9.434709072113037
1948-01-01,9.35242748260498
1948-02-01,10.14541244506836
1948-03-01,11.73836374282837
1948-04-01,15.069457054138184
1948-05-01,16.89384651184082
1948-06-01,18.661341667175293
1948-07-01,19.91816520690918
1948-08-01,19.863601684570312
1948-09-01,18.367490768432617
1948-10-01,15.416715621948242
1948-11-01,12.32275104522705
1948-12-01,9.917181015014648
1949-01-01,8.628808975219727
1949-02-01,9.660067081451416
1949-03-01,11.239314556121826
1949-04-01,14.753039360046387
1949-05-01,16.92473793029785
1949-06-01,18.39369487762451
1949-07-01,19.740840911865234
1949-08-01,19.958325386047363
1949-09-01,17.636271476745605
1949-10-01,15.465543270111084
1949-11-01,12.612809181213379
1949-12-01,9.965070724487305
1950-01-01,8.77573013305664
1950-02-01,9.867623805999756
1950-03-01,11.987818717956543
1950-04-01,14.868100643157959
1950-05-01,17.303842544555664
1950-06-01,18.14248561859131
1950-07-01,19.61843204498291
1950-08-01,19.332382202148438
1950-09-01,18.30644130706787
1950-10-01,15.930196762084961
1950-11-01,12.308687210083008
1950-12-01,9.38014268875122
1951-01-01,8.781810760498047
1951-02-01,9.860630989074707
1951-03-01,11.861037254333496
1951-04-01,14.409545421600342
1951-05-01,16.791508674621582
1951-06-01,18.39380931854248
1951-07-01,19.821653366088867
1951-08-01,19.70890998840332
1951-09-01,18.327625274658203
1951-10-01,15.902902126312256
1951-11-01,12.326133251190186
1951-12-01,10.192533493041992
1952-01-01,8.955127239227295
1952-02-01,10.051861763000488
1952-03-01,11.887367725372314
1952-04-01,15.06349515914917
1952-05-01,16.755611419677734
1952-06-01,18.41683006286621
1952-07-01,20.172138214111328
1952-08-01,20.0537166595459
1952-09-01,18.420878410339355
1952-10-01,15.643112182617188
1952-11-01,12.6818265914917
1952-12-01,9.630715370178223
1953-01-01,8.88427448272705
1953-02-01,10.196877479553223
1953-03-01,11.626229763031006
1953-04-01,14.634443283081055
1953-05-01,16.8245792388916
1953-06-01,18.58559226989746
1953-07-01,19.900970458984375
1953-08-01,19.87638282775879
1953-09-01,18.266733169555664
1953-10-01,15.913612842559814
1953-11-01,12.232561111450195
1953-12-01,9.649123191833496
1954-01-01,8.637226581573486
1954-02-01,10.16978120803833
1954-03-01,11.920845985412598
1954-04-01,15.04210615158081
1954-05-01,16.16017436981201
1954-06-01,18.233304023742676
1954-07-01,19.744620323181152
1954-08-01,19.597965240478516
1954-09-01,18.618887901306152
1954-10-01,15.786070346832275
1954-11-01,13.051684379577637
1954-12-01,9.770466327667236
1955-01-01,9.236379623413086
1955-02-01,10.7055983543396
1955-03-01,12.182976722717285
1955-04-01,14.709919452667236
1955-05-01,16.821260452270508
1955-06-01,18.462814331054688
1955-07-01,19.732664108276367
1955-08-01,20.0806884765625
1955-09-01,18.43409538269043
1955-10-01,15.319014549255371
1955-11-01,12.544897556304932
1955-12-01,10.335824012756348
1956-01-01,8.708848476409912
1956-02-01,9.24265193939209
1956-03-01,11.557144165039062
1956-04-01,14.735046863555908
1956-05-01,15.974230766296387
1956-06-01,18.1492280960083
1956-07-01,19.22821044921875
1956-08-01,19.26601505279541
1956-09-01,17.58388042449951
1956-10-01,15.58436107635498
1956-11-01,11.659618377685547
1956-12-01,9.319989681243896
1957-01-01,8.246280670166016
1957-02-01,10.825520992279053
1957-03-01,12.381709098815918
1957-04-01,14.440282821655273
1957-05-01,16.96700954437256
1957-06-01,18.771808624267578
1957-07-01,19.548508644104004
1957-08-01,19.641023635864258
1957-09-01,18.500795364379883
1957-10-01,15.384414196014404
1957-11-01,12.564376831054688
1957-12-01,9.752809047698975
1958-01-01,8.816014289855957
1958-02-01,10.066941738128662
1958-03-01,12.44998025894165
1958-04-01,15.214911937713623
1958-05-01,17.439090728759766
1958-06-01,18.281723022460938
1958-07-01,19.517199516296387
1958-08-01,19.556175231933594
1958-09-01,17.903005599975586
1958-10-01,15.460667610168457
1958-11-01,12.35780143737793
1958-12-01,10.22469425201416
1959-01-01,8.952526092529297
1959-02-01,9.245856761932373
1959-03-01,12.53981351852417
1959-04-01,15.502340316772461
1959-05-01,16.63625717163086
1959-06-01,18.448511123657227
1959-07-01,20.148937225341797
1959-08-01,19.712265014648438
1959-09-01,18.544902801513672
1959-10-01,15.981052875518799
1959-11-01,12.112396717071533
1959-12-01,9.94877815246582
1960-01-01,9.041456699371338
1960-02-01,10.497556209564209
1960-03-01,12.171080589294434
1960-04-01,14.694244861602783
1960-05-01,15.664185523986816
1960-06-01,18.444917678833008
1960-07-01,19.650712966918945
1960-08-01,19.702078819274902
1960-09-01,18.147757530212402
1960-10-01,16.089269638061523
1960-11-01,12.971627712249756
1960-12-01,9.298554420471191
1961-01-01,8.10166072845459
1961-02-01,10.08655595779419
1961-03-01,12.243387699127197
1961-04-01,15.444916248321533
1961-05-01,16.93904399871826
1961-06-01,19.017107009887695
1961-07-01,19.75449562072754
1961-08-01,19.809285163879395
1961-09-01,18.774391174316406
1961-10-01,16.052313804626465
1961-11-01,12.759459495544434
1961-12-01,10.109836101531982
1962-01-01,8.643078804016113
1962-02-01,10.28721570968628
1962-03-01,12.193956851959229
1962-04-01,14.643526077270508
1962-05-01,16.811232566833496
1962-06-01,18.37001323699951
1962-07-01,19.517312049865723
1962-08-01,19.743633270263672
1962-09-01,18.1722469329834
1962-10-01,15.985316276550293
1962-11-01,12.257618427276611
1962-12-01,9.364242553710938
1963-01-01,8.518556118011475
1963-02-01,10.223779678344727
1963-03-01,12.044266700744629
1963-04-01,15.261810302734375
1963-05-01,16.915858268737793
1963-06-01,18.297313690185547
1963-07-01,20.033333778381348
1963-08-01,19.68333625793457
1963-09-01,18.691946029663086
1963-10-01,16.552969932556152
1963-11-01,12.98223066329956
1963-12-01,9.247780799865723
1964-01-01,7.793678522109985
1964-02-01,9.416500568389893
1964-03-01,12.281773567199707
1964-04-01,14.988420963287354
1964-05-01,17.03586483001709
1964-06-01,18.35437297821045
1964-07-01,19.583304405212402
1964-08-01,19.246028900146484
1964-09-01,18.150643348693848
1964-10-01,15.163538932800293
1964-11-01,12.562989711761475
1964-12-01,9.144996166229248
1965-01-01,9.207249641418457
1965-02-01,9.1452054977417
1965-03-01,11.716908931732178
1965-04-01,14.595621109008789
1965-05-01,17.03654193878174
1965-06-01,18.650296211242676
1965-07-01,19.369640350341797
1965-08-01,19.48854351043701
1965-09-01,18.32507610321045
1965-10-01,16.2121524810791
1965-11-01,13.33844518661499
1965-12-01,10.057462215423584
1966-01-01,9.614947319030762
1966-02-01,10.892295837402344
1966-03-01,12.45393991470337
1966-04-01,15.243129253387451
1966-05-01,16.4971981048584
1966-06-01,18.467052459716797
1966-07-01,20.046393394470215
1966-08-01,19.80006217956543
1966-09-01,17.790388107299805
1966-10-01,15.808057308197021
1966-11-01,12.440891742706299
1966-12-01,9.43751859664917
1967-01-01,8.46082353591919
1967-02-01,9.292934894561768
1967-03-01,12.49587345123291
1967-04-01,14.919678688049316
1967-05-01,17.5450382232666
1967-06-01,18.01712131500244
1967-07-01,19.908127784729004
1967-08-01,19.781190872192383
1967-09-01,17.94001293182373
1967-10-01,16.003307819366455
1967-11-01,12.780246257781982
1967-12-01,8.906185150146484
1968-01-01,8.224204540252686
1968-02-01,9.169665336608887
1968-03-01,11.830933570861816
1968-04-01,14.71872329711914
1968-05-01,16.455698013305664
1968-06-01,18.317686080932617
1968-07-01,19.51495933532715
1968-08-01,19.198098182678223
1968-09-01,17.958173751831055
1968-10-01,15.777163982391357
1968-11-01,12.931755542755127
1968-12-01,9.965031147003174
1969-01-01,9.221386909484863
1969-02-01,9.58660888671875
1969-03-01,11.782337665557861
1969-04-01,14.79987621307373
1969-05-01,17.085394859313965
1969-06-01,18.04139804840088
1969-07-01,20.00085163116455
1969-08-01,19.858498573303223
1969-09-01,17.9462947845459
1969-10-01,15.92470932006836
1969-11-01,12.153855800628662
1969-12-01,9.486438751220703
1970-01-01,8.909137725830078
1970-02-01,10.440680980682373
1970-03-01,11.353728771209717
1970-04-01,15.431572914123535
1970-05-01,16.90836811065674
1970-06-01,18.587626457214355
1970-07-01,19.950225830078125
1970-08-01,19.768964767456055
1970-09-01,17.994770050048828
1970-10-01,15.676523685455322
1970-11-01,12.700451374053955
1970-12-01,9.569541931152344
1971-01-01,8.912427425384521
1971-02-01,9.583239555358887
1971-03-01,11.737289905548096
1971-04-01,14.582334995269775
1971-05-01,16.311482429504395
1971-06-01,18.069157600402832
1971-07-01,19.636402130126953
1971-08-01,19.800308227539062
1971-09-01,18.682848930358887
1971-10-01,15.719996929168701
1971-11-01,12.394972801208496
1971-12-01,9.701382160186768
1972-01-01,8.7554030418396
1972-02-01,9.259478569030762
1972-03-01,12.495150089263916
1972-04-01,14.922610759735107
1972-05-01,16.833701133728027
1972-06-01,18.60594940185547
1972-07-01,19.92409896850586
1972-08-01,19.77252197265625
1972-09-01,18.32762050628662
1972-10-01,15.780499935150146
1972-11-01,12.422124862670898
1972-12-01,9.094096660614014
1973-01-01,7.8849709033966064
1973-02-01,9.962514877319336
1973-03-01,12.130226612091064
1973-04-01,15.122103691101074
1973-05-01,17.05443572998047
1973-06-01,18.66466999053955
1973-07-01,19.895414352416992
1973-08-01,19.824384689331055
1973-09-01,17.937625885009766
1973-10-01,16.185070037841797
1973-11-01,12.722846031188965
1973-12-01,9.21755313873291
1974-01-01,8.901874542236328
1974-02-01,9.50311279296875
1974-03-01,12.49781084060669
1974-04-01,15.171399116516113
1974-05-01,16.892356872558594
1974-06-01,18.057861328125
1974-07-01,19.991618156433105
1974-08-01,19.580777168273926
1974-09-01,17.621299743652344
1974-10-01,15.366508960723877
1974-11-01,12.521646499633789
1974-12-01,9.289959907531738
1975-01-01,8.91794729232788
1975-02-01,9.86060380935669
1975-03-01,11.891722202301025
1975-04-01,15.04053544998169
1975-05-01,16.975428581237793
1975-06-01,18.604736328125
1975-07-01,20.130982398986816
1975-08-01,19.76471710205078
1975-09-01,18.525675773620605
1975-10-01,15.703486442565918
1975-11-01,12.138299942016602
1975-12-01,8.94225788116455
1976-01-01,8.345403671264648
1976-02-01,10.460324764251709
1976-03-01,11.397366523742676
1976-04-01,14.49900197982788
1976-05-01,16.279868125915527
1976-06-01,18.418808937072754
1976-07-01,19.40945339202881
1976-08-01,18.98856258392334
1976-09-01,17.73673725128174
1976-10-01,15.037410736083984
1976-11-01,11.105591297149658
1976-12-01,9.562141418457031
1977-01-01,7.730936765670776
1977-02-01,10.569429874420166
1977-03-01,13.167356491088867
1977-04-01,15.843749046325684
1977-05-01,17.095815658569336
1977-06-01,18.65986728668213
1977-07-01,19.96520709991455
1977-08-01,19.67997932434082
1977-09-01,18.556564331054688
1977-10-01,16.44142436981201
1977-11-01,12.986261367797852
1977-12-01,10.574812889099121
1978-01-01,8.529696941375732
1978-02-01,10.092944145202637
1978-03-01,12.274162292480469
1978-04-01,15.468789100646973
1978-05-01,16.463441848754883
1978-06-01,18.306175231933594
1978-07-01,19.677618980407715
1978-08-01,19.626965522766113
1978-09-01,18.353243827819824
1978-10-01,15.75360918045044
1978-11-01,12.318434715270996
1978-12-01,10.435750484466553
1979-01-01,9.061105728149414
1979-02-01,10.491798877716064
1979-03-01,12.035718441009521
1979-04-01,15.099198341369629
1979-05-01,16.772132873535156
1979-06-01,18.618748664855957
1979-07-01,19.73613166809082
1979-08-01,19.88178825378418
1979-09-01,18.499232292175293
1979-10-01,16.528325080871582
1979-11-01,12.155775547027588
1979-12-01,10.060330390930176
1980-01-01,8.905684471130371
1980-02-01,9.879092693328857
1980-03-01,11.92543363571167
1980-04-01,15.13785171508789
1980-05-01,17.208495140075684
1980-06-01,18.39400291442871
1980-07-01,19.933250427246094
1980-08-01,19.746570587158203
1980-09-01,18.408944129943848
1980-10-01,15.874035358428955
1980-11-01,12.929675579071045
1980-12-01,9.489121913909912
1981-01-01,8.278023719787598
1981-02-01,10.000168800354004
1981-03-01,12.926671981811523
1981-04-01,15.755529403686523
1981-05-01,16.64546012878418
1981-06-01,18.97318458557129
1981-07-01,20.089354515075684
1981-08-01,20.173551559448242
1981-09-01,18.568912506103516
1981-10-01,15.57033634185791
1981-11-01,12.600209712982178
1981-12-01,10.560931205749512
1982-01-01,9.538147926330566
1982-02-01,9.544818878173828
1982-03-01,12.006024360656738
1982-04-01,15.056241035461426
1982-05-01,17.253640174865723
1982-06-01,18.432357788085938
1982-07-01,19.744918823242188
1982-08-01,19.997201919555664
1982-09-01,18.550567626953125
1982-10-01,16.108572006225586
1982-11-01,12.533998012542725
1982-12-01,9.260433197021484
1983-01-01,8.137176990509033
1983-02-01,9.058171272277832
1983-03-01,11.708678245544434
1983-04-01,15.060554504394531
1983-05-01,17.208690643310547
1983-06-01,18.598166465759277
1983-07-01,20.241145133972168
1983-08-01,20.025327682495117
1983-09-01,18.831013679504395
1983-10-01,16.277679443359375
1983-11-01,13.288788795471191
1983-12-01,9.473420143127441
1984-01-01,8.553470611572266
1984-02-01,9.438245296478271
1984-03-01,12.103177070617676
1984-04-01,14.959768295288086
1984-05-01,17.14431095123291
1984-06-01,18.482749938964844
1984-07-01,19.838415145874023
1984-08-01,19.757585525512695
1984-09-01,17.992924690246582
1984-10-01,16.01626968383789
1984-11-01,12.90585470199585
1984-12-01,9.941967964172363
1985-01-01,7.933692932128906
1985-02-01,9.972636222839355
1985-03-01,11.708420753479004
1985-04-01,15.781879425048828
1985-05-01,17.213278770446777
1985-06-01,18.03583335876465
1985-07-01,19.55677032470703
1985-08-01,19.97523593902588
1985-09-01,18.09584331512451
1985-10-01,16.128503799438477
1985-11-01,13.25873327255249
1985-12-01,9.682519912719727
1986-01-01,9.08024787902832
1986-02-01,10.08841323852539
1986-03-01,12.153900146484375
1986-04-01,15.371826171875
1986-05-01,17.563617706298828
1986-06-01,18.83693504333496
1986-07-01,19.543511390686035
1986-08-01,19.956106185913086
1986-09-01,18.55679416656494
1986-10-01,15.777761459350586
1986-11-01,12.227378368377686
1986-12-01,9.275548934936523
1987-01-01,9.043511867523193
1987-02-01,10.627283573150635
1987-03-01,11.849053382873535
1987-04-01,15.15694522857666
1987-05-01,17.006237983703613
1987-06-01,18.761412620544434
1987-07-01,20.230106353759766
1987-08-01,19.914246559143066
1987-09-01,18.63827133178711
1987-10-01,15.759620189666748
1987-11-01,13.048112392425537
1987-12-01,10.37086820602417
1988-01-01,9.236554622650146
1988-02-01,9.98387861251831
1988-03-01,11.936293125152588
1988-04-01,15.378135681152344
1988-05-01,16.949275970458984
1988-06-01,19.382375717163086
1988-07-01,20.60837173461914
1988-08-01,20.268736839294434
1988-09-01,18.49847984313965
1988-10-01,15.833247184753418
1988-11-01,12.987918853759766
1988-12-01,9.69812822341919
1989-01-01,8.519488334655762
1989-02-01,9.788937091827393
1989-03-01,12.99128246307373
1989-04-01,15.45525312423706
1989-05-01,17.021029472351074
1989-06-01,18.731369972229004
1989-07-01,20.25990104675293
1989-08-01,20.01600742340088
1989-09-01,18.00492286682129
1989-10-01,16.065794944763184
1989-11-01,13.192585468292236
1989-12-01,9.794734477996826
1990-01-01,9.245484352111816
1990-02-01,11.008244037628174
1990-03-01,12.863189220428467
1990-04-01,15.083299160003662
1990-05-01,17.1270170211792
1990-06-01,18.85996913909912
1990-07-01,19.978612899780273
1990-08-01,19.975343704223633
1990-09-01,18.762534141540527
1990-10-01,16.258294105529785
1990-11-01,13.781712055206299
1990-12-01,9.686675071716309
1991-01-01,8.761370182037354
1991-02-01,10.149025440216064
1991-03-01,12.737114906311035
1991-04-01,15.228850841522217
1991-05-01,17.177106857299805
1991-06-01,19.45295238494873
1991-07-01,20.102971076965332
1991-08-01,20.319997787475586
1991-09-01,18.642690658569336
1991-10-01,16.16805076599121
1991-11-01,12.221251964569092
1991-12-01,9.497467994689941
1992-01-01,7.926988124847412
1992-02-01,9.596261024475098
1992-03-01,11.791358947753906
1992-04-01,15.455332279205322
1992-05-01,16.68462562561035
1992-06-01,18.46914291381836
1992-07-01,19.413684844970703
1992-08-01,19.700974464416504
1992-09-01,17.867161750793457
1992-10-01,15.720621585845947
1992-11-01,12.657871723175049
1992-12-01,9.901769638061523
1993-01-01,8.6107816696167
1993-02-01,9.797832012176514
1993-03-01,11.869410514831543
1993-04-01,15.059023380279541
1993-05-01,16.97327995300293
1993-06-01,18.420100212097168
1993-07-01,19.697394371032715
1993-08-01,19.559367179870605
1993-09-01,17.94094181060791
1993-10-01,15.638479709625244
1993-11-01,12.20188570022583
1993-12-01,10.14009141921997
1994-01-01,9.5443434715271
1994-02-01,10.222710132598877
1994-03-01,12.925821304321289
1994-04-01,15.485667705535889
1994-05-01,17.481711387634277
1994-06-01,19.100802421569824
1994-07-01,20.267659187316895
1994-08-01,20.08130168914795
1994-09-01,18.89484214782715
1994-10-01,16.172115325927734
1994-11-01,13.828508853912354
1994-12-01,10.087515354156494
1995-01-01,9.132409572601318
1995-02-01,10.998822689056396
1995-03-01,12.34127426147461
1995-04-01,15.182353019714355
1995-05-01,16.921335220336914
1995-06-01,19.120025634765625
1995-07-01,20.494980812072754
1995-08-01,20.65950584411621
1995-09-01,18.707179069519043
1995-10-01,16.229634284973145
1995-11-01,12.856035232543945
1995-12-01,10.06955623626709
1996-01-01,9.331584930419922
1996-02-01,10.27522611618042
1996-03-01,11.631071090698242
1996-04-01,14.538510799407959
1996-05-01,17.66420078277588
1996-06-01,19.145207405090332
1996-07-01,20.242064476013184
1996-08-01,20.24097442626953
1996-09-01,18.22978973388672
1996-10-01,16.02462863922119
1996-11-01,12.58371353149414
1996-12-01,10.520690441131592
1997-01-01,9.385480403900146
1997-02-01,10.061337947845459
1997-03-01,12.75031328201294
1997-04-01,15.1530179977417
1997-05-01,17.338698387145996
1997-06-01,19.244962692260742
1997-07-01,19.998159408569336
1997-08-01,20.41142463684082
1997-09-01,18.97639274597168
1997-10-01,16.715176582336426
1997-11-01,12.836334228515625
1997-12-01,9.952060222625732
1998-01-01,9.621292114257812
1998-02-01,10.821526527404785
1998-03-01,12.264541149139404
1998-04-01,15.991352558135986
1998-05-01,17.61505889892578
1998-06-01,19.3783540725708
1998-07-01,20.98823356628418
1998-08-01,20.89407444000244
1998-09-01,19.170581817626953
1998-10-01,16.699244499206543
1998-11-01,13.683172702789307
1998-12-01,10.371490955352783
1999-01-01,9.83238172531128
1999-02-01,10.806920528411865
1999-03-01,12.369657516479492
1999-04-01,15.414038181304932
1999-05-01,17.519411087036133
1999-06-01,19.2495059967041
1999-07-01,20.773967742919922
1999-08-01,20.28361225128174
1999-09-01,18.981331825256348
1999-10-01,16.561213493347168
1999-11-01,13.179885864257812
1999-12-01,9.938565254211426
2000-01-01,8.877148628234863
2000-02-01,10.549713134765625
2000-03-01,12.630857467651367
2000-04-01,16.122066497802734
2000-05-01,17.233783721923828
2000-06-01,19.184107780456543
2000-07-01,20.28907585144043
2000-08-01,20.44061851501465
2000-09-01,18.952749252319336
2000-10-01,16.151777267456055
2000-11-01,12.267419815063477
2000-12-01,10.190323829650879
2001-01-01,9.159846305847168
2001-02-01,10.582056045532227
2001-03-01,13.499002456665039
2001-04-01,15.863330841064453
2001-05-01,17.571722984313965
2001-06-01,19.025397300720215
2001-07-01,20.675192832946777
2001-08-01,20.81860065460205
2001-09-01,18.66168975830078
2001-10-01,16.44527244567871
2001-11-01,13.205876350402832
2001-12-01,10.116976261138916
2002-01-01,9.272279262542725
2002-02-01,10.949578762054443
2002-03-01,13.311643600463867
2002-04-01,15.66141414642334
2002-05-01,17.536386489868164
2002-06-01,19.062893867492676
2002-07-01,20.921475410461426
2002-08-01,20.60487937927246
2002-09-01,19.103410720825195
2002-10-01,16.91043758392334
2002-11-01,12.95405387878418
2002-12-01,10.096850395202637
2003-01-01,9.488872528076172
2003-02-01,10.049920082092285
2003-03-01,12.590616703033447
2003-04-01,15.197981357574463
2003-05-01,17.753646850585938
2003-06-01,19.29658794403076
2003-07-01,20.316884994506836
2003-08-01,20.73371982574463
2003-09-01,18.80226230621338
2003-10-01,16.640043258666992
2003-11-01,13.423201084136963
2003-12-01,9.699069023132324
2004-01-01,9.632518768310547
2004-02-01,10.509740352630615
2004-03-01,13.34062147140503
2004-04-01,15.784407615661621
2004-05-01,16.950952529907227
2004-06-01,19.030556678771973
2004-07-01,20.151925086975098
2004-08-01,20.065545082092285
2004-09-01,18.903934478759766
2004-10-01,16.569554328918457
2004-11-01,13.184083938598633
2004-12-01,9.721505641937256
2005-01-01,8.99840497970581
2005-02-01,9.587556838989258
2005-03-01,12.483948707580566
2005-04-01,15.801504135131836
2005-05-01,18.006092071533203
2005-06-01,19.714187622070312
2005-07-01,20.612492561340332
2005-08-01,20.685123443603516
2005-09-01,19.48340892791748
2005-10-01,16.363368034362793
2005-11-01,13.271108627319336
2005-12-01,9.718064308166504
2006-01-01,9.286420822143555
2006-02-01,10.52154016494751
2006-03-01,12.844040870666504
2006-04-01,16.214351654052734
2006-05-01,16.979461669921875
2006-06-01,19.576997756958008
2006-07-01,20.727572441101074
2006-08-01,20.65473175048828
2006-09-01,18.858842849731445
2006-10-01,17.35386371612549
2006-11-01,13.419129371643066
2006-12-01,9.6090407371521
2007-01-01,9.276281356811523
2007-02-01,11.134931564331055
2007-03-01,13.194940567016602
2007-04-01,15.71675157546997
2007-05-01,18.10955238342285
2007-06-01,19.37885284423828
2007-07-01,20.694995880126953
2007-08-01,20.748414993286133
2007-09-01,19.416954040527344
2007-10-01,16.656245231628418
2007-11-01,13.112816333770752
2007-12-01,9.980495929718018
2008-01-01,8.68160104751587
2008-02-01,10.140369892120361
2008-03-01,13.912986278533936
2008-04-01,15.879907131195068
2008-05-01,17.561655044555664
2008-06-01,19.131961822509766
2008-07-01,20.694873809814453
2008-08-01,20.55077838897705
2008-09-01,18.69679832458496
2008-10-01,16.64606761932373
2008-11-01,12.788816928863525
2008-12-01,10.061441898345947
2009-01-01,9.239386558532715
2009-02-01,11.050620079040527
2009-03-01,12.987819194793701
2009-04-01,15.440650463104248
2009-05-01,17.587875366210938
2009-06-01,19.022464752197266
2009-07-01,20.10689640045166
2009-08-01,20.430891036987305
2009-09-01,18.899563789367676
2009-10-01,16.56643581390381
2009-11-01,13.080115795135498
2009-12-01,10.264873027801514
2010-01-01,9.631645202636719
2010-02-01,10.130988597869873
2010-03-01,12.935996055603027
2010-04-01,15.71031379699707
2010-05-01,17.40803337097168
2010-06-01,19.98328685760498
2010-07-01,21.328307151794434
2010-08-01,20.85812282562256
2010-09-01,19.20701026916504
2010-10-01,16.427366256713867
2010-11-01,13.31993579864502
2010-12-01,10.189892292022705
2011-01-01,8.81372594833374
2011-02-01,10.173542976379395
2011-03-01,12.412206172943115
2011-04-01,16.230013847351074
2011-05-01,17.023377418518066
2011-06-01,19.111629486083984
2011-07-01,20.874960899353027
2011-08-01,20.626955032348633
2011-09-01,19.055575370788574
2011-10-01,16.34659481048584
2011-11-01,13.527145385742188
2011-12-01,9.998083114624023
2012-01-01,9.176104068756104
2012-02-01,9.153778076171875
2012-03-01,13.226502895355225
2012-04-01,16.73602867126465
2012-05-01,18.33000946044922
2012-06-01,19.823494911193848
2012-07-01,20.962783813476562
2012-08-01,20.97610569000244
2012-09-01,19.208243370056152
2012-10-01,16.839481353759766
2012-11-01,13.340930461883545
2012-12-01,10.36599063873291
2013-01-01,9.760529041290283
2013-02-01,10.492786407470703
2013-03-01,13.382319450378418
2013-04-01,15.968953132629395
2013-05-01,18.022452354431152
2013-06-01,19.49178409576416
2013-07-01,20.516202926635742
2013-08-01,20.669001579284668
2013-09-01,19.439193725585938
2013-10-01,16.61137104034424
2013-11-01,12.845827579498291
2013-12-01,9.608697891235352
2014-01-01,9.566158771514893
2014-02-01,10.686796188354492
2014-03-01,12.660242080688477
2014-04-01,16.0269136428833
2014-05-01,18.165613174438477
2014-06-01,19.34394359588623
2014-07-01,20.392876625061035
2014-08-01,20.596062660217285
2014-09-01,19.321823120117188
2014-10-01,17.38554859161377
2014-11-01,12.794150352478027
2014-12-01,10.303481101989746
2015-01-01,9.361894607543945
2015-02-01,10.386066913604736
2015-03-01,13.053942203521729
2015-04-01,16.134268760681152
2015-05-01,18.002939224243164
2015-06-01,19.824020385742188
2015-07-01,20.801559448242188
2015-08-01,21.12703037261963
2015-09-01,19.818636894226074
2015-10-01,17.20982265472412
2015-11-01,13.78327751159668
2015-12-01,11.063595294952393
2016-01-01,9.837640762329102
2016-02-01,11.718308448791504
2016-03-01,13.783991813659668
2016-04-01,16.65305805206299
2016-05-01,17.433003425598145
2016-06-01,19.536943435668945
2016-07-01,20.946507453918457
2016-08-01,21.144067764282227
2016-09-01,19.122739791870117
2016-10-01,16.880900382995605
2016-11-01,13.580360889434814
2016-12-01,10.663436889648438
2017-01-01,9.438694953918457
2017-02-01,11.458598613739014
2017-03-01,13.461459159851074
2017-04-01,16.49668788909912
2017-05-01,17.96626853942871
2017-06-01,19.792668342590332
2017-07-01,20.948416709899902
2017-08-01,20.801403045654297
2017-09-01,19.812478065490723
2017-10-01,16.83332633972168
2017-11-01,13.607531070709229
2017-12-01,10.071813106536865
2018-01-01,9.668565273284912
2018-02-01,11.141888618469238
2018-03-01,14.197174072265625
2018-04-01,16.514284133911133
2018-05-01,18.23742389678955
2018-06-01,19.589715003967285
2018-07-01,21.101947784423828
2018-08-01,20.95347309112549
2018-09-01,19.530088424682617
2018-10-01,16.732866287231445
2018-11-01,13.096381187438965
2018-12-01,10.703925132751465
2019-01-01,9.313432216644287
2019-02-01,10.714858055114746
2019-03-01,12.916476726531982
2019-04-01,16.09446620941162
2019-05-01,17.750802993774414
2019-06-01,19.83724880218506
2019-07-01,20.822589874267578
2019-08-01,20.817254066467285
2019-09-01,19.553513526916504
2019-10-01,17.207216262817383
2019-11-01,13.347694396972656
2019-12-01,11.052717685699463
2020-01-01,9.95035171508789
2020-02-01,11.540967464447021
2020-03-01,13.833289623260498
2020-04-01,15.80627727508545
2020-05-01,17.751471519470215
2020-06-01,19.718192100524902
2020-07-01,21.09459686279297
2020-08-01,21.07272434234619
2020-09-01,19.67990207672119
2020-10-01,16.73093032836914
2020-11-01,14.25967788696289
2020-12-01,10.358656883239746
2021-01-01,9.674229145050049
2021-02-01,11.887929916381836
2021-03-01,13.620343685150146
2021-04-01,16.203767776489258
2021-05-01,17.822653770446777
2021-06-01,19.894058227539062
2021-07-01,21.453340530395508
2021-08-01,21.08614158630371
2021-09-01,19.572823524475098
